geneid	funcatid	gotermid	pubmedid
NCU00007	70.02	NA	PMID:15486203
NCU00010	16.17.09	NA	PMID:15486203
NCU00010	20.01.01.01.01	NA	PMID:15486203
NCU00010	20.03.25	NA	PMID:15486203
NCU00010	32.05.01.03.03	NA	PMID:15486203
NCU00010	32.07.05	NA	PMID:15486203
NCU00023	16.17.09	NA	PMID:15486203
NCU00023	20.01.01.01.01	NA	PMID:15486203
NCU00023	20.09.18	NA	PMID:15486203
NCU00023	70.02	NA	PMID:15486203
NCU00032	20.09.03	NA	PMID:15486203
NCU00041	30.01.05.05.03	NA	PMID:15486203
NCU00077	10.01.02	NA	PMID:15486203
NCU00081	10.01.02	NA	PMID:15486203
NCU00114	12.01.01	NA	PMID:15486203
NCU00152	43.01.03.05	NA	PMID:15486203
NCU00157	30.01.05	NA	PMID:15486203
NCU00169	70	NA	PMID:15486203
NCU00195	20.09.18.07	NA	PMID:15486203
NCU00195	70.02	NA	PMID:15486203
NCU00211	12.01.01	NA	PMID:15486203
NCU00246	32.05.05	NA	PMID:15486203
NCU00246	70.02	NA	PMID:15486203
NCU00249	14.13.01	NA	PMID:15486203
NCU00258	12.01.01	NA	PMID:15486203
NCU00273	20.03.01.05	NA	PMID:15486203
NCU00281	32.05.05	NA	PMID:15486203
NCU00294	12.01.01	NA	PMID:15486203
NCU00298	20.09.18	NA	PMID:15486203
NCU00298	70.02	NA	PMID:15486203
NCU00315	12.01.01	NA	PMID:15486203
NCU00338	32.05.05	NA	PMID:15486203
NCU00346	16.13	NA	PMID:15486203
NCU00350	32.07.03	NA	PMID:15486203
NCU00371	20.03	NA	PMID:15486203
NCU00413	12.01.01	NA	PMID:15486203
NCU00417	43.01.03	NA	PMID:15486203
NCU00418	02.11	NA	PMID:15486203
NCU00431	20.03	NA	PMID:15486203
NCU00440	30.01.05.05.03	NA	PMID:15486203
NCU00455	32.05.05	NA	PMID:15486203
NCU00464	12.01.01	NA	PMID:15486203
NCU00467	41.01	NA	PMID:15486203
NCU00475	12.01.01	NA	PMID:15486203
NCU00484	02.11	NA	PMID:15486203
NCU00489	12.01.01	NA	PMID:15486203
NCU00493	42.09	NA	PMID:15486203
NCU00556	43.01.03.05	NA	PMID:15486203
NCU00564	12.01.01	NA	PMID:15486203
NCU00572	32.05	NA	PMID:15486203
NCU00600	43.01.03.05	NA	PMID:15486203
NCU00618	12.01.01	NA	PMID:15486203
NCU00634	12.01.01	NA	PMID:15486203
NCU00692	32.05.01	NA	PMID:15486203
NCU00700	32.05	NA	PMID:15486203
NCU00700	70.02	NA	PMID:15486203
NCU00701	32.05.03	NA	PMID:15486203
NCU00701	42.27	NA	PMID:15486203
NCU00706	12.01.01	NA	PMID:15486203
NCU00711	32.05.01	NA	PMID:15486203
NCU00711	32.07.05	NA	PMID:15486203
NCU00721	20.09.18.07	NA	PMID:15486203
NCU00721	70.02	NA	PMID:15486203
NCU00728	32.07.05	NA	PMID:15486203
NCU00751	01.20.37	NA	PMID:15486203
NCU00754	32.07.05	NA	PMID:15486203
NCU00755	32.07.05	NA	PMID:15486203
NCU00758	20.03	NA	PMID:15486203
NCU00762	32.10.07	NA	PMID:15486203
NCU00765	20.03	NA	PMID:15486203
NCU00782	20.03	NA	PMID:15486203
NCU00782	20.09.18	NA	PMID:15486203
NCU00782	70.02	NA	PMID:15486203
NCU00788	32.05.01	NA	PMID:15486203
NCU00790	20.03	NA	PMID:15486203
NCU00790	20.09.18	NA	PMID:15486203
NCU00794	43.01.03	NA	PMID:15486203
NCU00801	20.09.18.07	NA	PMID:15486203
NCU00801	70.02	NA	PMID:15486203
NCU00809	20.09.18.07	NA	PMID:15486203
NCU00809	70.02	NA	PMID:15486203
NCU00823	32.05.01	NA	PMID:15486203
NCU00860	20.01.01.01.01	NA	PMID:15486203
NCU00865	32.05	NA	PMID:15486203
NCU00876	20.09.18	NA	PMID:15486203
NCU00879	30.01.05	NA	PMID:15486203
NCU00891	16.17.09	NA	PMID:15486203
NCU00895	20.09.18	NA	PMID:15486203
NCU00952	12.01.01	NA	PMID:15486203
NCU00954	12.01.01	NA	PMID:15486203
NCU00969	02.11	NA	PMID:15486203
NCU00971	12.01.01	NA	PMID:15486203
NCU00973	32.05.05	NA	PMID:15486203
NCU00974	32.07.03	NA	PMID:15486203
NCU00977	12.01.01	NA	PMID:15486203
NCU00979	12.01.01	NA	PMID:15486203
NCU00987	32.05.03	NA	PMID:15486203
NCU00987	32.07	NA	PMID:15486203
NCU00987	32.07.01	NA	PMID:15486203
NCU00994	01.25.03	NA	PMID:15486203
NCU01009	20.03	NA	PMID:15486203
NCU01014	32.05	NA	PMID:15486203
NCU01065	20.03	NA	PMID:15486203
NCU01083	01.20.23	NA	PMID:15486203
NCU01100	43.01.03	NA	PMID:15486203
NCU01100	43.01.03.05	NA	PMID:15486203
NCU01132	20.03	NA	PMID:15486203
NCU01142	20.03	NA	PMID:15486203
NCU01166	43.01.03	NA	PMID:15486203
NCU01166	43.01.03.05	NA	PMID:15486203
NCU01169	02.11	NA	PMID:15486203
NCU01169	20.03	NA	PMID:15486203
NCU01213	32.07	NA	PMID:15486203
NCU01219	32.07	NA	PMID:15486203
NCU01272	16.17.09	NA	PMID:15486203
NCU01282	43.01.03	NA	PMID:15486203
NCU01282	43.01.03.09	NA	PMID:15486203
NCU01294	14.13.01	NA	PMID:15486203
NCU01370	43.01.03	NA	PMID:15486203
NCU01381	32.05.01	NA	PMID:15486203
NCU01399	01.20.01.05	NA	PMID:15486203
NCU01408	30.01.05	NA	PMID:15486203
NCU01411	20.03	NA	PMID:15486203
NCU01411	32.07	NA	PMID:15486203
NCU01414	43.01.03	NA	PMID:15486203
NCU01414	43.01.03.09	NA	PMID:15486203
NCU01418	43.01.03	NA	PMID:15486203
NCU01418	43.01.03.09	NA	PMID:15486203
NCU01439	02.45	NA	PMID:15486203
NCU01452	12.01.01	NA	PMID:15486203
NCU01467	02.11	NA	PMID:15486203
NCU01473	12.01.01	NA	PMID:15486203
NCU01474	12.01.01	NA	PMID:15486203
NCU01494	20.09.18.07	NA	PMID:15486203
NCU01498	43.01.03	NA	PMID:15486203
NCU01498	43.01.03.09	NA	PMID:15486203
NCU01514	20.03	NA	PMID:15486203
NCU01540	20.03	NA	PMID:15486203
NCU01564	20.03	NA	PMID:15486203
NCU01592	43.01.03	NA	PMID:15486203
NCU01593	43.01.03	NA	PMID:15486203
NCU01606	02.11	NA	PMID:15486203
NCU01636	32.07	NA	PMID:15486203
NCU01657	02.11.05	NA	PMID:15486203
NCU01673	43.01.03	NA	PMID:15486203
NCU01673	70.02	NA	PMID:15486203
NCU01674	20.09.18	NA	PMID:15486203
NCU01704	40.02.03	NA	PMID:15486203
NCU01713	43.01.03	NA	PMID:15486203
NCU01713	43.01.03.05	NA	PMID:15486203
NCU01724	20.03	NA	PMID:15486203
NCU01731	43.01.03	NA	PMID:15486203
NCU01750	20.03.25	NA	PMID:15486203
NCU01753	01.20.37	NA	PMID:15486203
NCU01763	20.03	NA	PMID:15486203
NCU01804	32.07.03	NA	PMID:15486203
NCU01808	02.11	NA	PMID:15486203
NCU01808	20.03	NA	PMID:15486203
NCU01815	20.03	NA	PMID:15486203
NCU01826	20.03	NA	PMID:15486203
NCU01868	20.09.18.07	NA	PMID:15486203
NCU01868	70.02	NA	PMID:15486203
NCU01895	30.01.05	NA	PMID:15486203
NCU01905	16.17.09	NA	PMID:15486203
NCU01919	14.13.01	NA	PMID:15486203
NCU01948	12.01.01	NA	PMID:15486203
NCU01949	12.01.01	NA	PMID:15486203
NCU01956	20.09.18.07	NA	PMID:15486203
NCU01956	43.01.03.05	NA	PMID:15486203
NCU01957	41.01.01	NA	PMID:15486203
NCU01996	34	NA	PMID:15486203
NCU02009	70.02	NA	PMID:15486203
NCU02031	02.45	NA	PMID:15486203
NCU02051	20.03.25	NA	PMID:15486203
NCU02051	32.05.01	NA	PMID:15486203
NCU02059	42.27	NA	PMID:15486203
NCU02070	41.01	NA	PMID:15486203
NCU02096	32.05.01.03	NA	PMID:15486203
NCU02111	43.01.03.05	NA	PMID:15486203
NCU02142	32.05.01.03	NA	PMID:15486203
NCU02181	12.01.01	NA	PMID:15486203
NCU02195	20.09.18.07	NA	PMID:15486203
NCU02195	70.02	NA	PMID:15486203
NCU02202	30.01.05	NA	PMID:15486203
NCU02224	14.13.01	NA	PMID:15486203
NCU02238	20.09.18.07	NA	PMID:15486203
NCU02238	70.02	NA	PMID:15486203
NCU02250	02.11	NA	PMID:15486203
NCU02253	43.01.03	NA	PMID:15486203
NCU02278	16.17.09	NA	PMID:15486203
NCU02278	20.09.18.07	NA	PMID:15486203
NCU02280	02.11	NA	PMID:15486203
NCU02282	32.05.01.01	NA	PMID:15486203
NCU02283	30.01.05	NA	PMID:15486203
NCU02289	14.13.01	NA	PMID:15486203
NCU02335	32.05.05.01	NA	PMID:15486203
NCU02336	32.05.05	NA	PMID:15486203
NCU02336	42.27	NA	PMID:15486203
NCU02374	14.13.01	NA	PMID:15486203
NCU02419	12.01.01	NA	PMID:15486203
NCU02424	30.01.05	NA	PMID:15486203
NCU02464	43.01.03	NA	PMID:15486203
NCU02464	43.01.03.05	NA	PMID:15486203
NCU02472	02.11	NA	PMID:15486203
NCU02472	20.03	NA	PMID:15486203
NCU02509	12.01.01	NA	PMID:15486203
NCU02510	42.09	NA	PMID:15486203
NCU02514	02.11	NA	PMID:15486203
NCU02525	32.05.01	NA	PMID:15486203
NCU02534	02.11	NA	PMID:15486203
NCU02544	20.03.25	NA	PMID:15486203
NCU02582	20.03	NA	PMID:15486203
NCU02591	70.02	NA	PMID:15486203
NCU02653	20.09.18.07	NA	PMID:15486203
NCU02653	70.02	NA	PMID:15486203
NCU02657	01.20.21	NA	PMID:15486203
NCU02681	20.03	NA	PMID:15486203
NCU02681	20.09	NA	PMID:15486203
NCU02701	14.13.01	NA	PMID:15486203
NCU02701	16.17.09	NA	PMID:15486203
NCU02744	12.01.01	NA	PMID:15486203
NCU02751	30.01.05	NA	PMID:15486203
NCU02754	30.01.05	NA	PMID:15486203
NCU02757	12.01.01	NA	PMID:15486203
NCU02781	43.01.03.05	NA	PMID:15486203
NCU02783	20.09.18.07	NA	PMID:15486203
NCU02783	70.02	NA	PMID:15486203
NCU02801	16.13	NA	PMID:15486203
NCU02804	12.01.01	NA	PMID:15486203
NCU02855	32	NA	PMID:15486203
NCU02903	32.05.05	NA	PMID:15486203
NCU02903	43.01.03	NA	PMID:15486203
NCU02903	70.02	NA	PMID:15486203
NCU02905	12.01.01	NA	PMID:15486203
NCU02918	32.05.05	NA	PMID:15486203
NCU02923	32.05.05	NA	PMID:15486203
NCU02924	32.07.03	NA	PMID:15486203
NCU02951	12.01.01	NA	PMID:15486203
NCU02960	20.09.03	NA	PMID:15486203
NCU02979	02.45	NA	PMID:15486203
NCU02980	20.03	NA	PMID:15486203
NCU02988	20.09.18	NA	PMID:15486203
NCU02988	43.01.03	NA	PMID:15486203
NCU02988	43.01.03.05	NA	PMID:15486203
NCU02991	38	NA	PMID:15486203
NCU02997	32.10.07	NA	PMID:15486203
NCU03006	70	NA	PMID:15486203
NCU03013	32.07.03	NA	PMID:15486203
NCU03015	43.01.03	NA	PMID:15486203
NCU03031	02.11	NA	PMID:15486203
NCU03038	12.01.01	NA	PMID:15486203
NCU03055	43.01.03.05	NA	PMID:15486203
NCU03066	20.03	NA	PMID:15486203
NCU03086	01.20.35	NA	PMID:15486203
NCU03102	12.01.01	NA	PMID:15486203
NCU03112	16.17.09	NA	PMID:15486203
NCU03115	43.01.03.05	NA	PMID:15486203
NCU03122	32.05.03	NA	PMID:15486203
NCU03130	43.01.03	NA	PMID:15486203
NCU03130	43.01.03.05	NA	PMID:15486203
NCU03156	02.11	NA	PMID:15486203
NCU03171	43.01.03.09	NA	PMID:15486203
NCU03188	32.05.05	NA	PMID:15486203
NCU03223	20.09	NA	PMID:15486203
NCU03228	20.03.25	NA	PMID:15486203
NCU03229	20.03	NA	PMID:15486203
NCU03230	12.01.01	NA	PMID:15486203
NCU03235	20.09.18	NA	PMID:15486203
NCU03257	20.09.18	NA	PMID:15486203
NCU03297	32.07.07	NA	PMID:15486203
NCU03302	12.01.01	NA	PMID:15486203
NCU03339	32.07	NA	PMID:15486203
NCU03340	02.11.05	NA	PMID:15486203
NCU03354	43.01.03	NA	PMID:15486203
NCU03368	20.01.01.01.01	NA	PMID:15486203
NCU03368	20.03	NA	PMID:15486203
NCU03368	32.07	NA	PMID:15486203
NCU03370	32.05.05	NA	PMID:15486203
NCU03372	20.09	NA	PMID:15486203
NCU03406	43.01.03	NA	PMID:15486203
NCU03406	43.01.03.09	NA	PMID:15486203
NCU03409	43.01.03	NA	PMID:15486203
NCU03409	43.01.03.05	NA	PMID:15486203
NCU03436	43.01.03	NA	PMID:15486203
NCU03436	43.01.03.05	NA	PMID:15486203
NCU03440	20.09.18	NA	PMID:15486203
NCU03475	32.05.05	NA	PMID:15486203
NCU03493	43.01.03	NA	PMID:15486203
NCU03497	20.01.01.01.01	NA	PMID:15486203
NCU03497	20.03	NA	PMID:15486203
NCU03498	20.01.01.01.01	NA	PMID:15486203
NCU03498	20.03	NA	PMID:15486203
NCU03507	43.01.03	NA	PMID:15486203
NCU03515	43.01.03	NA	PMID:15486203
NCU03525	02.11.05	NA	PMID:15486203
NCU03533	43.01.03	NA	PMID:15486203
NCU03558	02.11	NA	PMID:15486203
NCU03559	20.03	NA	PMID:15486203
NCU03561	20.03	NA	PMID:15486203
NCU03576	43.01.03	NA	PMID:15486203
NCU03576	43.01.03.09	NA	PMID:15486203
NCU03591	20.03.25	NA	PMID:15486203
NCU03603	20.03	NA	PMID:15486203
NCU03616	18.02.05	NA	PMID:15486203
NCU03616	43.01.03	NA	PMID:15486203
NCU03616	43.01.03.09	NA	PMID:15486203
NCU03646	32.10.07	NA	PMID:15486203
NCU03662	38	NA	PMID:15486203
NCU03770	43.01.03	NA	PMID:15486203
NCU03770	43.01.03.05	NA	PMID:15486203
NCU03773	43.01.03	NA	PMID:15486203
NCU03773	70.02	NA	PMID:15486203
NCU03784	20.03	NA	PMID:15486203
NCU03789	32.07	NA	PMID:15486203
NCU03794	43.01.03	NA	PMID:15486203
NCU03794	43.01.03.05	NA	PMID:15486203
NCU03795	43.01.03	NA	PMID:15486203
NCU03795	43.01.03.05	NA	PMID:15486203
NCU03815	20.03	NA	PMID:15486203
NCU03827	12.01.01	NA	PMID:15486203
NCU03883	43.01.03.05	NA	PMID:15486203
NCU03887	32.05.01.03	NA	PMID:15486203
NCU03887	32.07	NA	PMID:15486203
NCU03894	30.01.05	NA	PMID:15486203
NCU03925	32.05.05.01	NA	PMID:15486203
NCU03953	02.11	NA	PMID:15486203
NCU03988	12.01.01	NA	PMID:15486203
NCU03991	43.01.03.09	NA	PMID:15486203
NCU03992	43.01.03.05	NA	PMID:15486203
NCU04021	20.03.25	NA	PMID:15486203
NCU04044	02.11	NA	PMID:15486203
NCU04051	20.03.25	NA	PMID:15486203
NCU04074	02.11.05	NA	PMID:15486203
NCU04076	16.17.09	NA	PMID:15486203
NCU04076	20.01.01.01.01	NA	PMID:15486203
NCU04089	32.07.01	NA	PMID:15486203
NCU04097	20.03.25	NA	PMID:15486203
NCU04106	32.05	NA	PMID:15486203
NCU04106	70.02	NA	PMID:15486203
NCU04130	32.05	NA	PMID:15486203
NCU04144	43.01.03	NA	PMID:15486203
NCU04144	43.01.03.09	NA	PMID:15486203
NCU04161	20.03.25	NA	PMID:15486203
NCU04161	70.02	NA	PMID:15486203
NCU04180	20.03	NA	PMID:15486203
NCU04195	20.03	NA	PMID:15486203
NCU04195	20.09	NA	PMID:15486203
NCU04201	43.01.03	NA	PMID:15486203
NCU04201	70.02	NA	PMID:15486203
NCU04245	20.03	NA	PMID:15486203
NCU04264	43.01.03	NA	PMID:15486203
NCU04264	43.01.03.09	NA	PMID:15486203
NCU04336	12.01.01	NA	PMID:15486203
NCU04355	30.01.09.11	NA	PMID:15486203
NCU04404	42.09	NA	PMID:15486203
NCU04412	12.01.01	NA	PMID:15486203
NCU04415	32.05.01.03	NA	PMID:15486203
NCU04418	32.05.01.03	NA	PMID:15486203
NCU04418	32.07.05	NA	PMID:15486203
NCU04418	70.02	NA	PMID:15486203
NCU04446	20.03	NA	PMID:15486203
NCU04446	70.02	NA	PMID:15486203
NCU04452	02.45	NA	PMID:15486203
NCU04471	32.05	NA	PMID:15486203
NCU04473	32.05.05	NA	PMID:15486203
NCU04483	01.05.02.04	NA	PMID:15486203
NCU04494	32.05.05	NA	PMID:15486203
NCU04528	01.25.09	NA	PMID:15486203
NCU04537	20.09.18.07	NA	PMID:15486203
NCU04552	12.01.01	NA	PMID:15486203
NCU04553	12.01.01	NA	PMID:15486203
NCU04553	14.13.01	NA	PMID:15486203
NCU04601	43.01.03	NA	PMID:15486203
NCU04601	43.01.03.05	NA	PMID:15486203
NCU04612	43.01.03.05	NA	PMID:15486203
NCU04637	43.01.03	NA	PMID:15486203
NCU04637	43.01.03.05	NA	PMID:15486203
NCU04697	32.05.05	NA	PMID:15486203
NCU04697	32.07.09	NA	PMID:15486203
NCU04730	32.05.03	NA	PMID:15486203
NCU04736	70.02	NA	PMID:15486203
NCU04766	43.01.03	NA	PMID:15486203
NCU04766	43.01.03.05	NA	PMID:15486203
NCU04768	20.03	NA	PMID:15486203
NCU04801	01.20.35	NA	PMID:15486203
NCU04806	12.01.01	NA	PMID:15486203
NCU04815	16.17.09	NA	PMID:15486203
NCU04819	20.01.01.01.01	NA	PMID:15486203
NCU04865	32.05.05	NA	PMID:15486203
NCU04870	01.25.07	NA	PMID:15486203
NCU04935	32.05.03	NA	PMID:15486203
NCU04942	20.09.18	NA	PMID:15486203
NCU04942	70.02	NA	PMID:15486203
NCU04953	01.25.03	NA	PMID:15486203
NCU04963	20.09.18	NA	PMID:15486203
NCU05008	02.11	NA	PMID:15486203
NCU05009	02.11	NA	PMID:15486203
NCU05011	32.05.05	NA	PMID:15486203
NCU05029	20.03.25	NA	PMID:15486203
NCU05045	20.09.18.07	NA	PMID:15486203
NCU05046	70.02	NA	PMID:15486203
NCU05077	32.07	NA	PMID:15486203
NCU05079	20.09.18.07	NA	PMID:15486203
NCU05089	20.03	NA	PMID:15486203
NCU05115	43.01.03	NA	PMID:15486203
NCU05154	70.02	NA	PMID:15486203
NCU05187	32.05.05	NA	PMID:15486203
NCU05187	70.02	NA	PMID:15486203
NCU05198	70.02	NA	PMID:15486203
NCU05207	32.07.05	NA	PMID:15486203
NCU05209	32.07	NA	PMID:15486203
NCU05227	14.13.01	NA	PMID:15486203
NCU05235	12.01.01	NA	PMID:15486203
NCU05275	12.01.01	NA	PMID:15486203
NCU05287	12.01.01	NA	PMID:15486203
NCU05288	18.02.05	NA	PMID:15486203
NCU05299	02.11	NA	PMID:15486203
NCU05304	43.01.03.05	NA	PMID:15486203
NCU05376	32.05.03	NA	PMID:15486203
NCU05390	20.03	NA	PMID:15486203
NCU05433	43.01.03	NA	PMID:15486203
NCU05435	43.01.03	NA	PMID:15486203
NCU05435	70.02	NA	PMID:15486203
NCU05457	20.03	NA	PMID:15486203
NCU05492	32.07	NA	PMID:15486203
NCU05492	70.02	NA	PMID:15486203
NCU05512	16.17.09	NA	PMID:15486203
NCU05516	01.07.04	NA	PMID:15486203
NCU05546	32.07.05	NA	PMID:15486203
NCU05554	12.01.01	NA	PMID:15486203
NCU05580	32.07.05	NA	PMID:15486203
NCU05585	20.09.18.07	NA	PMID:15486203
NCU05585	70.02	NA	PMID:15486203
NCU05591	20.03.25	NA	PMID:15486203
NCU05591	32.07.05	NA	PMID:15486203
NCU05591	70.02	NA	PMID:15486203
NCU05597	41.01	NA	PMID:15486203
NCU05616	32.07.03	NA	PMID:15486203
NCU05627	20.09.18.07	NA	PMID:15486203
NCU05627	70.02	NA	PMID:15486203
NCU05689	02.11	NA	PMID:15486203
NCU05714	12.01.01	NA	PMID:15486203
NCU05717	12.01.01	NA	PMID:15486203
NCU05730	32.05.05	NA	PMID:15486203
NCU05733	32.05.01.03	NA	PMID:15486203
NCU05735	32.05.01.03	NA	PMID:15486203
NCU05735	32.07.05	NA	PMID:15486203
NCU05735	70.02	NA	PMID:15486203
NCU05804	12.01.01	NA	PMID:15486203
NCU05816	02.11	NA	PMID:15486203
NCU05830	20.09.18.07	NA	PMID:15486203
NCU05830	70.02	NA	PMID:15486203
NCU05840	43.01.03	NA	PMID:15486203
NCU05843	20.09.18.07	NA	PMID:15486203
NCU05848	32.05.03	NA	PMID:15486203
NCU05848	32.07.01	NA	PMID:15486203
NCU05849	32.05.03	NA	PMID:15486203
NCU05849	32.07.01	NA	PMID:15486203
NCU05853	20.09.18.07	NA	PMID:15486203
NCU05853	70.02	NA	PMID:15486203
NCU05854	32.05.05	NA	PMID:15486203
NCU05854	70.02	NA	PMID:15486203
NCU05862	70.02	NA	PMID:15486203
NCU05890	12.01.01	NA	PMID:15486203
NCU05908	16.17.09	NA	PMID:15486203
NCU05935	01.25.01	NA	PMID:15486203
NCU05935	32.10.07	NA	PMID:15486203
NCU05942	14.13.01	NA	PMID:15486203
NCU05955	01.25.01	NA	PMID:15486203
NCU05955	32.10.07	NA	PMID:15486203
NCU05969	01.25.01	NA	PMID:15486203
NCU05978	16.17.09	NA	PMID:15486203
NCU05995	14.13.01	NA	PMID:15486203
NCU06010	01.25.01	NA	PMID:15486203
NCU06020	01.25.11	NA	PMID:15486203
NCU06023	01.20.15	NA	PMID:15486203
NCU06024	01.20.15	NA	PMID:15486203
NCU06025	01.20.15	NA	PMID:15486203
NCU06026	20.09.18.07	NA	PMID:15486203
NCU06026	70.02	NA	PMID:15486203
NCU06031	32.07.07	NA	PMID:15486203
NCU06038	12.01.01	NA	PMID:15486203
NCU06040	32.05.01	NA	PMID:15486203
NCU06040	32.07.05	NA	PMID:15486203
NCU06047	12.01.01	NA	PMID:15486203
NCU06048	12.01.01	NA	PMID:15486203
NCU06052	20.09.03	NA	PMID:15486203
NCU06066	12.01.01	NA	PMID:15486203
NCU06111	30.01.05	NA	PMID:15486203
NCU06132	20.09.18.07	NA	PMID:15486203
NCU06138	20.09.18.07	NA	PMID:15486203
NCU06159	20.03	NA	PMID:15486203
NCU06159	70.02	NA	PMID:15486203
NCU06167	20.09.18.07	NA	PMID:15486203
NCU06179	30.01.05	NA	PMID:15486203
NCU06189	01.20.19.03	NA	PMID:15486203
NCU06205	41.01	NA	PMID:15486203
NCU06205	43.01.03	NA	PMID:15486203
NCU06210	12.01.01	NA	PMID:15486203
NCU06226	12.01.01	NA	PMID:15486203
NCU06231	20.09.18	NA	PMID:15486203
NCU06240	40.01.03.01	NA	PMID:15486203
NCU06242	70.02	NA	PMID:15486203
NCU06246	10.01.02	NA	PMID:15486203
NCU06249	30.01.05	NA	PMID:15486203
NCU06304	41.01	NA	PMID:15486203
NCU06312	70.02	NA	PMID:15486203
NCU06327	32.07.01	NA	PMID:15486203
NCU06331	43.01.03.09	NA	PMID:15486203
NCU06333	20.03	NA	PMID:15486203
NCU06333	20.09	NA	PMID:15486203
NCU06382	20.03.25	NA	PMID:15486203
NCU06384	20.09.18.07	NA	PMID:15486203
NCU06384	70.02	NA	PMID:15486203
NCU06397	43.01.03.05	NA	PMID:15486203
NCU06430	32.05.05	NA	PMID:15486203
NCU06430	42.27	NA	PMID:15486203
NCU06431	12.01.01	NA	PMID:15486203
NCU06432	12.01.01	NA	PMID:15486203
NCU06449	20.09.18.07	NA	PMID:15486203
NCU06449	70.02	NA	PMID:15486203
NCU06450	12.01.01	NA	PMID:15486203
NCU06459	41.01	NA	PMID:15486203
NCU06469	12.01.01	NA	PMID:15486203
NCU06483	43.01.03.05	NA	PMID:15486203
NCU06519	32.07.05	NA	PMID:15486203
NCU06519	70.02	NA	PMID:15486203
NCU06522	20.09.18.07	NA	PMID:15486203
NCU06522	70.02	NA	PMID:15486203
NCU06526	32.07.01	NA	PMID:15486203
NCU06531	43.01.03	NA	PMID:15486203
NCU06531	70.02	NA	PMID:15486203
NCU06540	10.01.02	NA	PMID:15486203
NCU06542	12.01.01	NA	PMID:15486203
NCU06556	32.07	NA	PMID:15486203
NCU06561	18.02.05	NA	PMID:15486203
NCU06583	43.01.03	NA	PMID:15486203
NCU06593	43.01.03.05	NA	PMID:15486203
NCU06606	02.11	NA	PMID:15486203
NCU06608	41.01	NA	PMID:15486203
NCU06619	70.02	NA	PMID:15486203
NCU06624	20.09.18	NA	PMID:15486203
NCU06624	70.02	NA	PMID:15486203
NCU06694	70.02	NA	PMID:15486203
NCU06695	20.03	NA	PMID:15486203
NCU06710	70.02	NA	PMID:15486203
NCU06714	32.05.01	NA	PMID:15486203
NCU06739	32.05	NA	PMID:15486203
NCU06743	12.01.01	NA	PMID:15486203
NCU06749	12.01.01	NA	PMID:15486203
NCU06787	43.01.03	NA	PMID:15486203
NCU06787	43.01.03.05	NA	PMID:15486203
NCU06788	43.01.03	NA	PMID:15486203
NCU06788	43.01.03.05	NA	PMID:15486203
NCU06811	32.05	NA	PMID:15486203
NCU06821	43.01.03	NA	PMID:15486203
NCU06821	43.01.03.09	NA	PMID:15486203
NCU06842	43.01.03	NA	PMID:15486203
NCU06842	43.01.03.05	NA	PMID:15486203
NCU06843	12.01.01	NA	PMID:15486203
NCU06847	20.03	NA	PMID:15486203
NCU06847	32.05.01	NA	PMID:15486203
NCU06856	14.13.01	NA	PMID:15486203
NCU06860	32.07.05	NA	PMID:15486203
NCU06864	43.01.03	NA	PMID:15486203
NCU06871	43.01.03.09	NA	PMID:15486203
NCU06880	32.07.07	NA	PMID:15486203
NCU06892	12.01.01	NA	PMID:15486203
NCU06918	20.09.18.07	NA	PMID:15486203
NCU06918	70.02	NA	PMID:15486203
NCU06922	70.02	NA	PMID:15486203
NCU06946	20.03.25	NA	PMID:15486203
NCU07014	12.01.01	NA	PMID:15486203
NCU07053	02.11	NA	PMID:15486203
NCU07053	02.45	NA	PMID:15486203
NCU07053	16.13	NA	PMID:15486203
NCU07053	32.05.03	NA	PMID:15486203
NCU07053	32.07.03	NA	PMID:15486203
NCU07055	32.07	NA	PMID:15486203
NCU07057	12.01.01	NA	PMID:15486203
NCU07094	32.07	NA	PMID:15486203
NCU07129	20.09.18.07	NA	PMID:15486203
NCU07129	70.02	NA	PMID:15486203
NCU07167	32.05.03	NA	PMID:15486203
NCU07169	20.03	NA	PMID:15486203
NCU07175	20.03	NA	PMID:15486203
NCU07199	20.03	NA	PMID:15486203
NCU07224	32.07.03	NA	PMID:15486203
NCU07225	32.10.07	NA	PMID:15486203
NCU07231	70.02	NA	PMID:15486203
NCU07262	20.01.01.01.01	NA	PMID:15486203
NCU07262	70.02	NA	PMID:15486203
NCU07267	41.01	NA	PMID:15486203
NCU07276	20.03.25	NA	PMID:15486203
NCU07277	42.27	NA	PMID:15486203
NCU07334	20.09.18.07	NA	PMID:15486203
NCU07334	70.02	NA	PMID:15486203
NCU07351	01.25.01	NA	PMID:15486203
NCU07386	12.01.01	NA	PMID:15486203
NCU07392	16.17.09	NA	PMID:15486203
NCU07395	10.01.02	NA	PMID:15486203
NCU07408	12.01.01	NA	PMID:15486203
NCU07415	14.13.01	NA	PMID:15486203
NCU07430	32.07	NA	PMID:15486203
NCU07430	43.01.03.09	NA	PMID:15486203
NCU07438	43.01.03.05	NA	PMID:15486203
NCU07481	43.01.03.05	NA	PMID:15486203
NCU07492	41.01	NA	PMID:15486203
NCU07517	20.09.18.07	NA	PMID:15486203
NCU07517	70.02	NA	PMID:15486203
NCU07520	01.25.01	NA	PMID:15486203
NCU07530	20.01.01.01.01	NA	PMID:15486203
NCU07530	20.09.18.07	NA	PMID:15486203
NCU07530	70.02	NA	PMID:15486203
NCU07531	20.01.01.01.01	NA	PMID:15486203
NCU07536	01.25.03	NA	PMID:15486203
NCU07538	70.02	NA	PMID:15486203
NCU07546	20.03.25	NA	PMID:15486203
NCU07546	32.05.01	NA	PMID:15486203
NCU07546	32.07.05	NA	PMID:15486203
NCU07549	12.01.01	NA	PMID:15486203
NCU07560	12.01.01	NA	PMID:15486203
NCU07564	20.09.18.07	NA	PMID:15486203
NCU07609	20.09.18.07	NA	PMID:15486203
NCU07609	70.02	NA	PMID:15486203
NCU07620	70.02	NA	PMID:15486203
NCU07621	20.01.01.01.01	NA	PMID:15486203
NCU07621	20.09.18.07	NA	PMID:15486203
NCU07662	20.09.03	NA	PMID:15486203
NCU07690	01.05.13.03	NA	PMID:15486203
NCU07690	12.01.01	NA	PMID:15486203
NCU07694	32.05.05	NA	PMID:15486203
NCU07720	32.07.05	NA	PMID:15486203
NCU07736	32.05.05	NA	PMID:15486203
NCU07740	32.07.05	NA	PMID:15486203
NCU07746	20.09	NA	PMID:15486203
NCU07754	20.09.18.07	NA	PMID:15486203
NCU07754	70.02	NA	PMID:15486203
NCU07756	02.11	NA	PMID:15486203
NCU07761	43.01.03.05	NA	PMID:15486203
NCU07787	32.05	NA	PMID:15486203
NCU07820	20.09.18	NA	PMID:15486203
NCU07826	12.01.01	NA	PMID:15486203
NCU07828	20.01.01.01.01	NA	PMID:15486203
NCU07830	12.01.01	NA	PMID:15486203
NCU07852	12.01.01	NA	PMID:15486203
NCU07857	12.01.01	NA	PMID:15486203
NCU07861	20.09.18	NA	PMID:15486203
NCU07861	70.02	NA	PMID:15486203
NCU07879	20.01.01.01.01	NA	PMID:15486203
NCU07920	01.25.09	NA	PMID:15486203
NCU07927	20.03	NA	PMID:15486203
NCU07938	32.07	NA	PMID:15486203
NCU07938	70.02	NA	PMID:15486203
NCU07966	70.02	NA	PMID:15486203
NCU07989	42.09	NA	PMID:15486203
NCU08051	01.20.15	NA	PMID:15486203
NCU08052	20.09.18.07	NA	PMID:15486203
NCU08056	20.03.25	NA	PMID:15486203
NCU08056	32.07.05	NA	PMID:15486203
NCU08056	70.02	NA	PMID:15486203
NCU08062	32.07.01	NA	PMID:15486203
NCU08071	12.01.01	NA	PMID:15486203
NCU08097	32.05.05	NA	PMID:15486203
NCU08112	32.07.01	NA	PMID:15486203
NCU08120	12.01.01	NA	PMID:15486203
NCU08127	43.01.03.05	NA	PMID:15486203
NCU08137	12.01.01	NA	PMID:15486203
NCU08148	70.02	NA	PMID:15486203
NCU08152	20.09.18.07	NA	PMID:15486203
NCU08152	70.02	NA	PMID:15486203
NCU08176	01.25.01	NA	PMID:15486203
NCU08180	20.03	NA	PMID:15486203
NCU08180	20.09.18	NA	PMID:15486203
NCU08180	70.02	NA	PMID:15486203
NCU08225	20.01.01.01.01	NA	PMID:15486203
NCU08231	32.05.05	NA	PMID:15486203
NCU08231	70.02	NA	PMID:15486203
NCU08296	12.01.01	NA	PMID:15486203
NCU08297	43.01.03.05	NA	PMID:15486203
NCU08299	12.01.01	NA	PMID:15486203
NCU08319	41.01	NA	PMID:15486203
NCU08325	20.09.18	NA	PMID:15486203
NCU08325	70.02	NA	PMID:15486203
NCU08329	12.01.01	NA	PMID:15486203
NCU08332	41.05	NA	PMID:15486203
NCU08332	43.01.03	NA	PMID:15486203
NCU08341	16.17.09	NA	PMID:15486203
NCU08341	20.01.01.01.01	NA	PMID:15486203
NCU08341	20.09.18	NA	PMID:15486203
NCU08342	43.01.03.09	NA	PMID:15486203
NCU08344	12.01.01	NA	PMID:15486203
NCU08358	20.03.25	NA	PMID:15486203
NCU08366	32.05.05	NA	PMID:15486203
NCU08373	20.09.03	NA	PMID:15486203
NCU08379	20.03	NA	PMID:15486203
NCU08382	20.03.25	NA	PMID:15486203
NCU08382	20.09.03	NA	PMID:15486203
NCU08389	12.01.01	NA	PMID:15486203
NCU08410	12.01.01	NA	PMID:15486203
NCU08423	43.01.03.09	NA	PMID:15486203
NCU08435	32.05	NA	PMID:15486203
NCU08439	20.03.25	NA	PMID:15486203
NCU08439	32.05.01	NA	PMID:15486203
NCU08457	43.01.03.09	NA	PMID:15486203
NCU08473	01.25.01	NA	PMID:15486203
NCU08473	32.10.05	NA	PMID:15486203
NCU08478	32.05.05.13	NA	PMID:15486203
NCU08502	12.01.01	NA	PMID:15486203
NCU08552	12.01.01	NA	PMID:15486203
NCU08598	10.01.02	NA	PMID:15486203
NCU08615	16.17.09	NA	PMID:15486203
NCU08620	12.01.01	NA	PMID:15486203
NCU08624	32.05	NA	PMID:15486203
NCU08624	70.02	NA	PMID:15486203
NCU08627	12.01.01	NA	PMID:15486203
NCU08642	14.13.01	NA	PMID:15486203
NCU08642	41.01	NA	PMID:15486203
NCU08669	32.05.03	NA	PMID:15486203
NCU08701	32.05.05.01	NA	PMID:15486203
NCU08705	43.01.03	NA	PMID:15486203
NCU08707	20.01.01.01.01	NA	PMID:15486203
NCU08718	32.05	NA	PMID:15486203
NCU08718	70.02	NA	PMID:15486203
NCU08726	43.01.03	NA	PMID:15486203
NCU08726	43.01.03.09	NA	PMID:15486203
NCU08738	20.09.18	NA	PMID:15486203
NCU08738	70.02	NA	PMID:15486203
NCU08747	32.07	NA	PMID:15486203
NCU08749	32.05.01	NA	PMID:15486203
NCU08749	32.07	NA	PMID:15486203
NCU08762	70.02	NA	PMID:15486203
NCU08823	30.01.05	NA	PMID:15486203
NCU08880	70.02	NA	PMID:15486203
NCU08893	12.01.01	NA	PMID:15486203
NCU08895	20.03	NA	PMID:15486203
NCU08897	20.09	NA	PMID:15486203
NCU08909	43.01.03	NA	PMID:15486203
NCU08909	43.01.03.05	NA	PMID:15486203
NCU08909	70.02	NA	PMID:15486203
NCU08920	20.03.25	NA	PMID:15486203
NCU08926	43.01.03	NA	PMID:15486203
NCU08926	43.01.03.09	NA	PMID:15486203
NCU08936	43.01.03	NA	PMID:15486203
NCU08936	43.01.03.09	NA	PMID:15486203
NCU08940	02.11	NA	PMID:15486203
NCU08940	20.03	NA	PMID:15486203
NCU08941	20.03	NA	PMID:15486203
NCU08947	02.11	NA	PMID:15486203
NCU08947	20.03	NA	PMID:15486203
NCU08960	12.01.01	NA	PMID:15486203
NCU08963	12.01.01	NA	PMID:15486203
NCU08964	12.01.01	NA	PMID:15486203
NCU08990	12.01.01	NA	PMID:15486203
NCU09002	02.11	NA	PMID:15486203
NCU09006	14.13.01	NA	PMID:15486203
NCU09012	20.03.25	NA	PMID:15486203
NCU09012	32.07.05	NA	PMID:15486203
NCU09020	20.09.18.07	NA	PMID:15486203
NCU09023	32.07.09	NA	PMID:15486203
NCU09026	32.05.05	NA	PMID:15486203
NCU09041	01.05.02.04	NA	PMID:15486203
NCU09089	12.01.01	NA	PMID:15486203
NCU09093	43.01.03	NA	PMID:15486203
NCU09098	32.05.01.01	NA	PMID:15486203
NCU09109	12.01.01	NA	PMID:15486203
NCU09122	14.13.01	NA	PMID:15486203
NCU09156	32.05.01	NA	PMID:15486203
NCU09172	32.05.01.03	NA	PMID:15486203
NCU09172	32.07.05	NA	PMID:15486203
NCU09189	30.01.05	NA	PMID:15486203
NCU09228	14.13.01	NA	PMID:15486203
NCU09235	43.01.03	NA	PMID:15486203
NCU09235	43.01.03.09	NA	PMID:15486203
NCU09243	70.02	NA	PMID:15486203
NCU09447	02.11	NA	PMID:15486203
NCU09475	12.01.01	NA	PMID:15486203
NCU09476	12.01.01	NA	PMID:15486203
NCU09491	01.25.07	NA	PMID:15486203
NCU09534	32.07.07	NA	PMID:15486203
NCU09537	18.02.05	NA	PMID:15486203
NCU09539	12.01.01	NA	PMID:15486203
NCU09550	20.09.18.07	NA	PMID:15486203
NCU09550	70.02	NA	PMID:15486203
NCU09551	32.05.01	NA	PMID:15486203
NCU09551	32.07.05	NA	PMID:15486203
NCU09552	32.05.01	NA	PMID:15486203
NCU09560	16.17.09	NA	PMID:15486203
NCU09564	70.02	NA	PMID:15486203
NCU09565	32.07.01	NA	PMID:15486203
NCU09580	32.05.01	NA	PMID:15486203
NCU09580	32.07.05	NA	PMID:15486203
NCU09612	02.11	NA	PMID:15486203
NCU09629	43.01.03	NA	PMID:15486203
NCU09636	32.05.05.01	NA	PMID:15486203
NCU09637	32.05.05.01	NA	PMID:15486203
NCU09638	32.05.05	NA	PMID:15486203
NCU09654	20.09.18.07	NA	PMID:15486203
NCU09654	70.02	NA	PMID:15486203
NCU09698	20.03	NA	PMID:15486203
NCU09698	20.09.18.07	NA	PMID:15486203
NCU09721	42.09	NA	PMID:15486203
NCU09741	70.02	NA	PMID:15486203
NCU09758	18.02.05	NA	PMID:15486203
NCU09778	43.01.03.05	NA	PMID:15486203
NCU09791	01.25.01	NA	PMID:15486203
NCU09791	32.05.05	NA	PMID:15486203
NCU09791	42.27	NA	PMID:15486203
NCU09816	02.11	NA	PMID:15486203
NCU09821	20.03.25	NA	PMID:15486203
NCU09830	20.03.25	NA	PMID:15486203
NCU09830	32.07.05	NA	PMID:15486203
NCU09831	20.09.18	NA	PMID:15486203
NCU09869	43.01.03.05	NA	PMID:15486203
NCU09880	70.02	NA	PMID:15486203
NCU09909	70.02	NA	PMID:15486203
NCU09976	01.25.01	NA	PMID:15486203
NCU09976	32.05.05	NA	PMID:15486203
NCU10009	20.03.25	NA	PMID:15486203
NCU10011	32.05.05	NA	PMID:15486203
NCU10042	01.20.15	NA	PMID:15486203
NCU10046	43.01.03.09	NA	PMID:15486203
NCU10051	32.05.01.03	NA	PMID:15486203
NCU10053	01.05.13.03	NA	PMID:15486203
NCU10058	01.05.02.04	NA	PMID:15486203
NCU10061	32	NA	PMID:15486203
NCU10061	36	NA	PMID:15486203
NCU10061	41.05	NA	PMID:15486203
NCU10061	43.01.03	NA	PMID:15486203
NCU10061	43.01.03.09	NA	PMID:15486203
NCU10066	16	NA	PMID:15486203
NCU10276	20.09.18.07	NA	PMID:15486203
NCU10276	70.02	NA	PMID:15486203
NCU10314	32.07.05	NA	PMID:15486203
NCU10392	43.01.03	NA	PMID:15486203
NCU10498	12.01.01	NA	PMID:15486203
NCU10696	41.01	NA	PMID:15486203
NCU11046	32.07	NA	PMID:15486203
NCU11187	20.09.05	NA	PMID:15486203
NCU11342	20.09.18	NA	PMID:15486203
NCU11342	70.02	NA	PMID:15486203
NCU11347	70.02	NA	PMID:15486203
NCU11399	43.01.03.05	NA	PMID:15486203
NCU11405	01.25.01	NA	PMID:15486203
NCU11409	10.01.02	NA	PMID:15486203
NCU11414	20.01.01.01.01	NA	PMID:15486203
NCU11414	20.09.18.07	NA	PMID:15486203
NCU11414	70.02	NA	PMID:15486203
NCU11415	30.01.09.11	NA	PMID:15486203
NCU12075	01.20.33	NA	PMID:15486203
NCU12137	32.05.05	NA	PMID:15486203
NCU12137	42.27	NA	PMID:15486203
NCU15835	43.01.03.05	NA	PMID:15486203
NCU16631	30.01.05	NA	PMID:15486203
NCU16638	32.07.07	NA	PMID:15486203
NCU16720	43.01.03	NA	PMID:15486203
NCU16914	70.02	NA	PMID:15486203
NCU17008	32.05	NA	PMID:15486203
NCU17062	43.01.03	NA	PMID:15486203
NCU17257	32.05.01	NA	PMID:15486203
NCU17257	32.07.05	NA	PMID:15486203
