geneid	ecnumber
NCU08195	EC:6.1.1.19
NCU06439	EC:2.7.7.6
NCU08554	EC:5.2.1.8
NCU09508	EC:3.5.1.41
NCU00409	EC:4.2.1.51
NCU00419	EC:2.7.7.6
NCU00153	EC:1.6.99.3
NCU00461	EC:1.4.1.2
NCU08228	EC:1.1.1.22
NCU03592	EC:3.6.3.1
NCU01376	EC:3.1.3.1
NCU04143	EC:2.7.11.1
NCU10359	EC:3.5.1.23
NCU03648	EC:3.5.1.2
NCU04202	EC:2.7.4.6
NCU08506	EC:3.1.26.5
NCU01692	EC:2.3.3.1
NCU03333	EC:3.1.3.48
NCU03861	EC:3.5.1.2
NCU03857	EC:1.1.1.42
NCU05028	EC:3.6.4.4
NCU08648	EC:3.1.30.1
NCU06625	EC:1.13.11.20
NCU08035	EC:3.6.3.14
NCU08276	EC:3.1.1.5
NCU10107	EC:5.3.1.26
NCU06618	EC:3.4.15.5
NCU07338	EC:2.4.1.232
NCU16791	EC:3.4.21.89
NCU05295	EC:3.4.25.1
NCU08275	EC:4.1.1.25
NCU06372	EC:3.4.19.12
NCU07659	EC:2.3.1.12
NCU07659	EC:1.2.1.-
NCU07623	EC:4.1.1.64
NCU07610	EC:1.14.11.17
NCU06360	EC:2.6.1.9
NCU07190	EC:3.2.1.4
NCU04634	EC:1.3.1.45
NCU08968	EC:2.1.1.48
NCU03713	EC:3.6.1.42
NCU05037	EC:4.2.1.52
NCU03986	EC:2.7.7.6
NCU07126	EC:2.3.1.60
NCU03929	EC:6.2.1.3
NCU04725	EC:3.5.1.25
NCU05121	EC:3.2.1.4
NCU04402	EC:2.1.1.43
NCU07001	EC:2.3.1.31
NCU04990	EC:2.7.11.1
NCU04352	EC:2.4.1.212
NCU04352	EC:2.4.1.16
NCU06996	EC:2.7.1.4
NCU06996	EC:2.7.1.1
NCU08802	EC:4.1.2.37
NCU06544	EC:2.7.11.13
NCU06573	EC:3.1.1.13
NCU04443	EC:1.6.5.5
NCU01467	EC:1.6.5.3
NCU04592	EC:1.3.1.28
NCU04592	EC:1.1.1.69
NCU03597	EC:2.7.7.7
NCU03813	EC:1.2.1.2
NCU04636	EC:2.8.1.7
NCU01441	EC:3.6.4.4
NCU01441	EC:3.6.4.9
NCU01441	EC:3.6.5.5
NCU01441	EC:3.6.1.15
NCU01441	EC:3.6.5.-
NCU10053	EC:2.1.1.45
NCU09041	EC:1.1.1.10
NCU09041	EC:1.1.1.138
NCU02127	EC:6.4.1.4
NCU03084	EC:3.2.2.7
NCU03084	EC:3.2.2.2
NCU03084	EC:3.2.2.1
NCU09810	EC:6.2.1.5
NCU00920	EC:6.1.1.5
NCU10058	EC:5.4.2.2
NCU01870	EC:4.2.1.11
NCU00609	EC:2.4.1.232
NCU02712	EC:2.7.2.1
NCU00587	EC:2.7.12.2
NCU00893	EC:6.3.2.17
NCU09377	EC:3.1.3.16
NCU01985	EC:2.7.7.4
NCU01888	EC:3.5.4.-
NCU02895	EC:3.6.1.13
NCU00536	EC:2.3.1.31
NCU03283	EC:4.2.1.80
NCU09596	EC:1.14.11.18
NCU01821	EC:2.6.1.52
NCU03404	EC:3.1.3.2
NCU04726	EC:3.2.1.21
NCU04726	EC:3.2.1.49
NCU04726	EC:3.2.1.52
NCU04014	EC:3.1.2.15
NCU08767	EC:2.7.11.1
NCU07887	EC:1.17.4.1
NCU00478	EC:3.1.4.17
NCU01192	EC:2.7.7.7
NCU01294	EC:3.5.1.4
NCU03771	EC:2.7.7.41
NCU01229	EC:2.3.1.48
NCU00358	EC:2.7.1.158
NCU05683	EC:4.2.1.9
NCU06266	EC:2.1.1.43
NCU00173	EC:3.1.2.12
NCU07741	EC:2.3.1.51
NCU10546	EC:2.7.7.58
NCU03756	EC:2.6.1.28
NCU03756	EC:2.6.1.57
NCU03756	EC:2.6.1.58
NCU03756	EC:2.6.1.27
NCU03756	EC:2.6.1.5
NCU07159	EC:3.4.21.62
NCU07807	EC:4.1.2.13
NCU05852	EC:4.2.2.14
NCU02343	EC:3.2.1.55
NCU02361	EC:3.5.1.49
NCU06861	EC:3.2.1.37
NCU05851	EC:6.2.1.12
NCU02245	EC:2.7.11.1
NCU06017	EC:2.8.1.3
NCU06017	EC:2.8.1.1
NCU06871	EC:2.4.1.34
NCU02457	EC:2.7.7.7
NCU02282	EC:1.11.1.10
NCU02282	EC:2.4.1.-
NCU09281	EC:3.2.1.20
NCU07451	EC:6.1.1.10
NCU00824	EC:3.5.1.98
NCU02583	EC:3.2.1.20
NCU02126	EC:1.3.99.10
NCU02829	EC:5.4.2.8
NCU07355	EC:3.2.1.59
NCU09326	EC:3.2.1.58
NCU16377	EC:3.1.13.3
NCU03219	EC:3.4.21.61
NCU02109	EC:2.7.7.23
NCU00604	EC:6.5.1.4
NCU01550	EC:2.7.4.3
NCU09798	EC:1.1.1.90
NCU04815	EC:4.4.1.5
NCU04744	EC:4.2.1.52
NCU05118	EC:3.6.3.14
NCU05965	EC:3.2.1.55
NCU03973	EC:2.6.1.2
NCU08027	EC:3.6.1.42
NCU08027	EC:3.6.1.6
NCU04903	EC:3.4.14.9
NCU06310	EC:3.6.1.11
NCU04953	EC:3.4.23.20
NCU08643	EC:3.1.3.2
NCU08643	EC:3.1.4.12
NCU05212	EC:3.5.1.41
NCU06541	EC:2.4.1.131
NCU04940	EC:1.3.1.48
NCU06281	EC:3.6.3.1
NCU03617	EC:3.8.1.2
NCU03779	EC:2.7.1.29
NCU09826	EC:3.1.27.5
NCU16917	EC:2.8.1.-
NCU07165	EC:5.3.1.8
NCU04600	EC:3.1.3.16
NCU07170	EC:4.1.1.76
NCU07170	EC:5.1.1.3
NCU03651	EC:1.1.1.40
NCU01225	EC:6.3.2.19
NCU08940	EC:1.10.2.2
NCU00406	EC:2.7.11.1
NCU07836	EC:1.1.1.169
NCU07860	EC:3.2.1.20
NCU00034	EC:2.1.1.100
NCU00463	EC:3.7.1.3
NCU01333	EC:1.3.1.71
NCU04566	EC:2.7.11.1
NCU00030	EC:3.1.21.1
NCU05706	EC:2.5.1.18
NCU00488	EC:3.1.3.16
NCU08535	EC:6.4.1.2
NCU08535	EC:6.3.4.14
NCU09715	EC:2.4.1.15
NCU02226	EC:5.3.1.23
NCU02371	EC:3.4.21.105
NCU08138	EC:4.4.1.17
NCU09390	EC:1.1.1.252
NCU00677	EC:6.2.1.30
NCU01867	EC:3.2.1.4
NCU01993	EC:2.7.8.2
NCU07415	EC:3.4.11.5
NCU09123	EC:2.7.11.17
NCU09123	EC:2.7.11.1
NCU00959	EC:1.3.5.1
NCU02997	EC:3.5.1.41
NCU00927	EC:3.6.4.4
NCU00643	EC:1.1.1.12
NCU00643	EC:1.1.1.14
NCU16423	EC:3.1.11.2
NCU03010	EC:1.1.1.170
NCU03010	EC:1.2.1.31
NCU00761	EC:3.1.1.3
NCU01859	EC:1.6.5.3
NCU01859	EC:1.6.99.3
NCU00890	EC:3.2.1.25
NCU02771	EC:4.1.1.37
NCU00188	EC:2.7.11.1
NCU08216	EC:4.2.1.22
NCU08162	EC:4.3.2.1
NCU11088	EC:2.1.1.63
NCU08226	EC:2.4.1.212
NCU00447	EC:2.3.1.29
NCU00447	EC:2.3.1.50
NCU00112	EC:3.4.11.9
NCU00401	EC:2.1.1.33
NCU07378	EC:2.7.11.1
NCU09258	EC:2.7.11.21
NCU09258	EC:2.7.11.1
NCU04010	EC:2.3.1.39
NCU07880	EC:2.7.11.1
NCU08976	EC:2.3.1.119
NCU06472	EC:2.3.1.48
NCU07404	EC:3.2.1.24
NCU01797	EC:2.7.11.1
NCU01783	EC:2.4.1.198
NCU06760	EC:2.7.11.2
NCU01816	EC:3.5.3.4
NCU06780	EC:2.1.1.35
NCU08414	EC:2.7.11.1
NCU03777	EC:3.1.2.4
NCU08132	EC:2.4.1.183
NCU09565	EC:1.14.13.70
NCU09565	EC:1.14.13.88
NCU02281	EC:3.1.2.15
NCU02472	EC:1.6.5.3
NCU04395	EC:3.2.1.75
NCU04442	EC:5.1.3.2
NCU00088	EC:3.1.3.41
NCU09497	EC:1.14.19.6
NCU09497	EC:1.14.19.3
NCU06264	EC:6.5.1.1
NCU00434	EC:3.1.3.16
NCU06923	EC:3.4.11.18
NCU08126	EC:1.1.1.158
NCU17176	EC:4.1.2.37
NCU17176	EC:6.6.1.1
NCU02240	EC:3.2.1.4
NCU02393	EC:2.7.11.24
NCU02393	EC:2.7.11.1
NCU09819	EC:5.2.1.8
NCU09311	EC:2.1.1.31
NCU09975	EC:3.6.3.44
NCU00792	EC:2.6.1.42
NCU08514	EC:5.2.1.8
NCU01606	EC:3.6.3.14
NCU03488	EC:4.1.1.23
NCU09473	EC:1.1.1.100
NCU12120	EC:3.4.21.105
NCU05188	EC:1.14.13.7
NCU05259	EC:1.14.19.1
NCU05259	EC:1.14.99.-
NCU04885	EC:3.2.1.-
NCU07919	EC:2.1.1.6
NCU05268	EC:2.4.1.16
NCU05689	EC:1.9.3.1
NCU06512	EC:2.1.1.14
NCU02438	EC:2.3.1.61
NCU06870	EC:2.3.1.50
NCU10044	EC:5.3.1.5
NCU07446	EC:3.6.3.14
NCU05980	EC:3.4.16.6
NCU05984	EC:3.2.2.23
NCU05984	EC:4.2.99.18
NCU10733	EC:3.1.13.4
NCU05985	EC:2.3.1.42
NCU05985	EC:2.3.1.15
NCU07094	EC:1.14.13.20
NCU03632	EC:2.5.1.58
NCU03632	EC:2.5.1.59
NCU01050	EC:3.2.1.4
NCU03818	EC:3.6.3.1
NCU03802	EC:1.14.11.8
NCU03151	EC:1.11.1.15
NCU08336	EC:1.3.5.1
NCU03031	EC:1.3.5.1
NCU05404	EC:3.2.1.4
NCU03768	EC:3.5.1.1
NCU03768	EC:3.1.1.5
NCU04302	EC:6.3.2.19
NCU06421	EC:2.7.11.1
NCU02505	EC:6.4.1.1
NCU06006	EC:2.7.11.1
NCU05956	EC:3.2.1.23
NCU07926	EC:6.1.1.18
NCU06290	EC:1.3.3.11
NCU04334	EC:3.6.4.9
NCU09547	EC:3.1.2.15
NCU07242	EC:1.3.1.24
NCU07242	EC:1.5.1.30
NCU04306	EC:3.4.11.18
NCU04313	EC:2.1.2.9
NCU01157	EC:6.3.2.2
NCU01059	EC:3.2.1.113
NCU01255	EC:3.6.5.5
NCU02227	EC:3.5.1.16
NCU02289	EC:6.3.2.19
NCU05278	EC:1.14.13.17
NCU05700	EC:2.4.1.217
NCU08227	EC:3.2.1.4
NCU05828	EC:3.5.4.2
NCU00985	EC:3.2.1.23
NCU09135	EC:4.6.1.13
NCU01648	EC:2.4.1.109
NCU03544	EC:3.6.3.14
NCU06187	EC:4.3.2.2
NCU08995	EC:3.1.3.48
NCU02059	EC:3.4.23.21
NCU03243	EC:3.1.4.3
NCU11188	EC:2.7.11.1
NCU00772	EC:2.7.11.1
NCU09937	EC:3.2.1.101
NCU07281	EC:5.3.1.9
NCU00302	EC:1.1.1.102
NCU00426	EC:3.1.26.11
NCU10388	EC:5.2.1.8
NCU03559	EC:1.10.2.2
NCU05548	EC:2.5.1.54
NCU04720	EC:1.7.1.4
NCU01446	EC:2.4.2.9
NCU02397	EC:4.1.1.72
NCU02397	EC:4.1.1.74
NCU02397	EC:4.1.1.80
NCU02397	EC:4.1.1.43
NCU02397	EC:4.1.1.1
NCU06023	EC:4.2.1.10
NCU01546	EC:1.3.3.3
NCU09486	EC:3.2.1.98
NCU09486	EC:3.2.1.1
NCU01772	EC:2.7.7.6
NCU01512	EC:6.1.1.20
NCU04380	EC:6.2.1.3
NCU08291	EC:4.99.1.1
NCU06308	EC:2.7.7.6
NCU09304	EC:5.4.3.8
NCU09299	EC:1.6.5.3
NCU09567	EC:3.1.3.7
NCU02479	EC:6.3.1.2
NCU00636	EC:3.6.3.14
NCU03076	EC:1.5.1.12
NCU07366	EC:2.6.1.16
NCU03004	EC:1.2.4.1
NCU03004	EC:1.2.1.-
NCU16440	EC:2.1.1.51
NCU00565	EC:2.8.1.8
NCU00727	EC:2.7.7.6
NCU01940	EC:2.7.11.1
NCU08746	EC:3.2.1.3
NCU03445	EC:1.14.11.2
NCU01498	EC:2.7.11.1
NCU05376	EC:1.14.13.70
NCU03953	EC:1.6.5.3
NCU03953	EC:1.6.99.3
NCU05216	EC:2.1.1.-
NCU05216	EC:2.1.1.79
NCU08671	EC:2.7.4.2
NCU06550	EC:4.3.3.6
NCU05298	EC:1.7.1.3
NCU06416	EC:1.14.11.4
NCU06416	EC:1.14.11.6
NCU07443	EC:3.6.3.1
NCU00520	EC:1.14.11.4
NCU00520	EC:1.14.11.7
NCU02476	EC:1.1.1.190
NCU02476	EC:1.1.1.1
NCU02979	EC:3.5.4.6
NCU09300	EC:3.1.3.16
NCU09378	EC:2.7.7.6
NCU04699	EC:2.1.1.16
NCU04699	EC:2.1.1.17
NCU04699	EC:2.1.1.71
NCU09538	EC:3.4.13.19
NCU06732	EC:3.3.2.6
NCU02936	EC:1.5.99.8
NCU02468	EC:2.3.1.24
NCU00682	EC:2.7.11.1
NCU08054	EC:3.2.1.21
NCU00690	EC:3.1.26.5
NCU05584	EC:3.4.23.32
NCU05516	EC:2.3.1.181
NCU05516	EC:6.3.4.10
NCU05516	EC:6.3.4.11
NCU05516	EC:6.3.4.9
NCU05516	EC:6.3.4.15
NCU09185	EC:1.14.13.15
NCU02395	EC:4.2.1.75
NCU02480	EC:1.3.1.9
NCU02480	EC:1.1.1.47
NCU02480	EC:1.1.1.35
NCU02032	EC:3.2.1.101
NCU08706	EC:2.7.7.7
NCU08475	EC:2.1.1.43
NCU01484	EC:2.4.1.34
NCU03575	EC:6.1.1.5
NCU10387	EC:1.14.13.8
NCU02996	EC:3.6.1.10
NCU02996	EC:3.6.1.11
NCU03241	EC:5.2.1.8
NCU00715	EC:1.2.1.8
NCU09199	EC:1.10.3.1
NCU09199	EC:1.14.18.1
NCU09199	EC:1.14.18.-
NCU09199	EC:1.10.3.-
NCU04426	EC:2.7.11.1
NCU06318	EC:3.6.4.4
NCU06318	EC:3.6.4.9
NCU06318	EC:3.6.5.5
NCU06318	EC:3.6.1.15
NCU06318	EC:3.6.5.-
NCU06697	EC:3.1.4.12
NCU08177	EC:2.7.11.1
NCU09456	EC:1.14.13.8
NCU05777	EC:3.1.2.15
NCU02455	EC:5.2.1.8
NCU00776	EC:1.14.18.1
NCU00776	EC:1.14.18.-
NCU00776	EC:1.10.3.-
NCU02677	EC:6.3.5.5
NCU08044	EC:1.1.1.62
NCU07974	EC:3.2.1.4
NCU07280	EC:2.7.11.1
NCU04452	EC:1.3.1.42
NCU04452	EC:1.6.99.1
NCU08762	EC:1.3.1.70
NCU06254	EC:2.7.1.160
NCU00106	EC:2.7.2.11
NCU00709	EC:3.2.1.21
NCU00709	EC:3.2.1.37
NCU00680	EC:4.2.1.79
NCU00680	EC:4.2.1.117
NCU09077	EC:3.1.26.5
NCU01786	EC:2.7.6.1
NCU09534	EC:1.11.1.15
NCU01443	EC:6.1.1.11
NCU04230	EC:4.1.3.1
NCU01103	EC:4.2.1.1
NCU03763	EC:2.7.7.7
NCU00130	EC:3.2.1.21
NCU08175	EC:2.7.11.1
NCU09209	EC:1.1.3.9
NCU04387	EC:3.6.3.14
NCU00108	EC:2.7.11.1
NCU00181	EC:5.2.1.8
NCU00081	EC:5.99.1.2
NCU00578	EC:5.2.1.8
NCU01853	EC:1.1.99.1
NCU05971	EC:3.4.13.9
NCU01195	EC:1.4.1.4
NCU01388	EC:2.4.1.131
NCU03657	EC:3.2.1.106
NCU06112	EC:4.1.1.15
NCU01517	EC:3.2.1.3
NCU06761	EC:4.1.2.27
NCU09582	EC:3.5.1.41
NCU02624	EC:1.14.13.70
NCU03071	EC:2.7.11.1
NCU03026	EC:3.2.1.14
NCU00567	EC:2.7.2.8
NCU00567	EC:1.2.1.38
NCU01905	EC:1.1.1.14
NCU02786	EC:5.1.3.3
NCU09600	EC:3.1.1.45
NCU05429	EC:2.4.1.18
NCU08293	EC:3.6.1.29
NCU06353	EC:6.3.3.2
NCU01175	EC:2.5.1.10
NCU01175	EC:2.5.1.1
NCU07156	EC:2.4.2.-
NCU04623	EC:3.2.1.23
NCU01119	EC:5.4.99.7
NCU01449	EC:3.5.4.25
NCU07870	EC:2.7.7.7
NCU00477	EC:3.4.16.5
NCU02665	EC:2.3.1.20
NCU01951	EC:2.7.7.7
NCU02566	EC:6.1.1.7
NCU00978	EC:2.7.11.1
NCU16367	EC:2.4.1.198
NCU09805	EC:3.2.1.1
NCU07351	EC:3.2.1.139
NCU07585	EC:1.3.1.76
NCU07585	EC:4.99.1.4
NCU06386	EC:2.4.1.117
NCU09649	EC:3.1.3.2
NCU09649	EC:3.1.4.12
NCU03181	EC:3.1.1.72
NCU08615	EC:1.14.18.1
NCU08341	EC:3.6.3.4
NCU03957	EC:1.14.-.-
NCU03957	EC:1.13.-.-
NCU06011	EC:3.6.3.44
NCU09789	EC:6.3.4.4
NCU05638	EC:2.7.11.1
NCU06554	EC:3.1.3.3
NCU08030	EC:2.7.7.6
NCU03826	EC:2.5.1.18
NCU06694	EC:2.3.1.119
NCU07808	EC:1.14.99.3
NCU01258	EC:4.2.1.104
NCU09844	EC:4.1.1.45
NCU03682	EC:3.1.21.1
NCU04579	EC:4.2.1.9
NCU08133	EC:4.2.1.1
NCU00836	EC:3.2.1.4
NCU08661	EC:6.3.2.1
NCU06344	EC:5.3.4.1
NCU03739	EC:5.3.4.1
NCU06939	EC:3.1.2.15
NCU05850	EC:1.18.1.1
NCU09406	EC:1.4.3.22
NCU05224	EC:2.7.1.-
NCU05224	EC:2.7.1.48
NCU06315	EC:2.7.1.151
NCU07965	EC:2.4.1.83
NCU06969	EC:3.1.3.16
NCU06969	EC:3.1.3.48
NCU09189	EC:2.7.11.1
NCU06481	EC:6.5.1.1
NCU10397	EC:2.7.1.67
NCU00008	EC:2.3.1.24
NCU02042	EC:1.3.1.24
NCU02042	EC:1.5.1.30
NCU02124	EC:3.1.1.45
NCU10893	EC:3.6.1.23
NCU02812	EC:2.7.4.3
NCU02812	EC:2.7.4.14
NCU05539	EC:3.1.4.37
NCU04109	EC:2.5.1.18
NCU01300	EC:4.2.1.19
NCU09842	EC:2.7.11.24
NCU09842	EC:2.7.11.1
NCU06063	EC:6.2.1.3
NCU06063	EC:6.2.1.15
NCU02417	EC:2.3.1.88
NCU00896	EC:3.1.3.-
NCU08605	EC:3.4.25.1
NCU06630	EC:3.1.3.16
NCU06630	EC:3.1.4.12
NCU06343	EC:2.3.1.178
NCU00484	EC:1.6.5.3
NCU08755	EC:3.2.1.21
NCU00597	EC:4.1.2.4
NCU05094	EC:1.1.1.206
NCU05601	EC:4.4.1.17
NCU09862	EC:2.1.1.51
NCU09862	EC:2.1.1.-
NCU05038	EC:1.21.3.1
NCU05038	EC:1.14.11.11
NCU05038	EC:1.14.11.4
NCU05038	EC:1.14.11.15
NCU05091	EC:3.1.26.4
NCU05113	EC:1.10.3.2
NCU05113	EC:1.7.2.1
NCU01162	EC:3.2.1.4
NCU04621	EC:1.13.11.12
NCU02450	EC:4.3.1.18
NCU02450	EC:4.3.1.19
NCU02373	EC:1.6.5.3
NCU06951	EC:1.3.1.24
NCU06951	EC:1.5.1.30
NCU06764	EC:3.4.25.1
NCU01371	EC:3.1.3.27
NCU09322	EC:3.5.2.6
NCU07483	EC:1.1.1.49
NCU02079	EC:2.7.11.22
NCU03170	EC:2.8.1.-
NCU00915	EC:6.1.1.12
NCU00667	EC:3.6.3.14
NCU03426	EC:3.1.3.16
NCU03426	EC:3.1.3.48
NCU08441	EC:6.2.1.2
NCU08441	EC:6.2.1.3
NCU01525	EC:3.5.1.98
NCU07271	EC:3.1.26.11
NCU07035	EC:3.2.1.14
NCU09548	EC:3.1.1.47
NCU07811	EC:1.17.4.1
NCU01399	EC:1.1.1.47
NCU01399	EC:1.1.1.206
NCU07221	EC:2.7.13.3
NCU03670	EC:3.1.1.4
NCU06177	EC:2.7.11.1
NCU00206	EC:1.1.99.18
NCU00206	EC:1.1.3.4
NCU10007	EC:2.3.3.9
NCU00606	EC:1.1.1.47
NCU03156	EC:1.6.5.3
NCU10762	EC:2.7.8.15
NCU07010	EC:2.7.4.21
NCU07010	EC:2.7.4.24
NCU16852	EC:1.1.1.269
NCU00498	EC:3.5.4.-
NCU05941	EC:1.11.1.10
NCU05159	EC:3.1.1.72
NCU04008	EC:3.6.3.14
NCU04129	EC:2.1.1.95
NCU03611	EC:2.4.1.212
NCU03611	EC:2.4.1.16
NCU01206	EC:2.1.1.43
NCU09680	EC:3.2.1.4
NCU10061	EC:3.4.25.1
NCU04233	EC:2.7.11.20
NCU04581	EC:3.6.4.4
NCU01332	EC:3.6.3.14
NCU07849	EC:1.3.3.11
NCU07849	EC:2.7.1.49
NCU07849	EC:2.7.4.7
NCU07849	EC:2.1.1.107
NCU07849	EC:3.5.99.2
NCU06261	EC:2.4.2.9
NCU06652	EC:1.1.1.190
NCU06652	EC:1.1.1.1
NCU06652	EC:1.1.1.284
NCU06712	EC:3.4.25.1
NCU06914	EC:6.1.1.21
NCU09710	EC:1.8.3.5
NCU02193	EC:4.1.1.72
NCU02193	EC:4.1.1.80
NCU02193	EC:4.1.1.43
NCU02193	EC:4.1.1.1
NCU02542	EC:2.7.1.4
NCU02542	EC:2.7.1.1
NCU02542	EC:2.7.1.7
NCU03267	EC:2.7.1.23
NCU02815	EC:2.7.13.3
NCU06351	EC:3.1.3.8
NCU07872	EC:2.7.12.1
NCU09290	EC:3.4.25.1
NCU06842	EC:2.1.1.72
NCU03347	EC:2.6.1.7
NCU03347	EC:3.5.1.9
NCU04149	EC:3.6.5.-
NCU01086	EC:1.14.13.79
NCU01086	EC:1.14.13.12
NCU06654	EC:4.2.99.18
NCU01188	EC:6.3.2.19
NCU08189	EC:3.2.1.8
NCU00292	EC:3.1.1.13
NCU08380	EC:3.1.3.16
NCU00905	EC:3.5.1.60
NCU02005	EC:1.8.4.8
NCU03991	EC:2.3.1.26
NCU17100	EC:3.4.21.105
NCU04185	EC:2.7.11.1
NCU06931	EC:1.8.3.1
NCU03254	EC:3.2.1.4
NCU04899	EC:1.1.1.37
NCU06252	EC:3.1.3.16
NCU06252	EC:3.1.3.48
NCU06194	EC:2.3.1.51
NCU06194	EC:2.3.1.23
NCU09102	EC:6.3.5.7
NCU09102	EC:6.3.5.-
NCU00994	EC:3.4.23.22
NCU02686	EC:3.1.11.6
NCU06013	EC:2.3.1.39
NCU06013	EC:4.2.1.61
NCU01177	EC:1.1.1.133
NCU06433	EC:5.2.1.8
NCU09025	EC:6.3.5.7
NCU09025	EC:6.3.5.-
NCU08153	EC:3.1.3.1
NCU02746	EC:3.6.3.14
NCU05882	EC:3.2.1.4
NCU05421	EC:2.7.7.63
NCU03526	EC:6.3.2.19
NCU01266	EC:3.1.4.11
NCU03770	EC:3.2.1.101
NCU03838	EC:2.7.7.6
NCU10292	EC:2.5.1.61
NCU03197	EC:2.7.11.1
NCU01747	EC:3.1.4.46
NCU07119	EC:6.1.1.13
NCU07119	EC:2.7.7.58
NCU07681	EC:3.6.3.14
NCU03704	EC:3.4.19.12
NCU01143	EC:3.6.4.4
NCU01143	EC:3.6.4.9
NCU01143	EC:3.6.5.5
NCU01143	EC:3.6.1.15
NCU01143	EC:3.6.5.-
NCU09821	EC:1.1.1.47
NCU09821	EC:1.17.99.5
NCU09897	EC:3.6.3.14
NCU03108	EC:3.4.17.21
NCU08378	EC:3.1.2.15
NCU06783	EC:2.3.3.8
NCU01804	EC:3.6.1.52
NCU01838	EC:3.5.5.7
NCU01838	EC:4.2.1.66
NCU04938	EC:1.1.99.1
NCU07987	EC:4.4.1.8
NCU06482	EC:1.2.4.1
NCU06482	EC:1.2.1.-
NCU08997	EC:3.1.3.1
NCU08997	EC:3.1.3.39
NCU02097	EC:1.1.1.138
NCU02564	EC:2.5.1.47
NCU05982	EC:2.1.1.114
NCU05982	EC:2.1.1.64
NCU05982	EC:2.1.1.-
NCU17088	EC:3.2.1.59
NCU00446	EC:6.2.1.16
NCU10004	EC:2.7.11.1
NCU06430	EC:2.4.2.38
NCU06486	EC:2.7.11.1
NCU00129	EC:2.7.7.58
NCU06465	EC:1.14.13.72
NCU06465	EC:1.14.-.-
NCU00168	EC:2.3.1.51
NCU00293	EC:3.6.1.22
NCU02247	EC:2.1.1.37
NCU05848	EC:1.14.13.15
NCU06029	EC:2.7.7.3
NCU06949	EC:3.4.21.63
NCU17157	EC:2.5.1.34
NCU05750	EC:3.1.26.4
NCU17208	EC:2.3.1.97
NCU02657	EC:2.5.1.6
NCU01861	EC:1.1.1.206
NCU09216	EC:2.4.1.119
NCU03154	EC:2.7.1.33
NCU02096	EC:1.14.12.17
NCU01912	EC:2.4.1.109
NCU01360	EC:1.6.5.3
NCU06142	EC:2.2.1.2
NCU02344	EC:3.2.1.4
NCU12026	EC:2.7.7.58
NCU05790	EC:2.7.13.3
NCU17177	EC:2.3.1.97
NCU17177	EC:2.4.1.173
NCU06880	EC:1.11.1.15
NCU11249	EC:2.3.2.5
NCU00720	EC:1.1.1.27
NCU00931	EC:6.1.1.6
NCU04368	EC:2.5.1.18
NCU06563	EC:3.1.3.16
NCU06563	EC:3.1.4.12
NCU07732	EC:6.3.5.5
NCU00023	EC:1.16.1.7
NCU02416	EC:2.3.1.158
NCU09702	EC:3.2.1.164
NCU02382	EC:3.4.19.12
NCU06832	EC:3.6.4.4
NCU01571	EC:2.5.1.58
NCU01571	EC:2.5.1.60
NCU01571	EC:2.5.1.59
NCU16511	EC:3.1.3.-
NCU03623	EC:6.3.2.19
NCU03759	EC:6.1.1.10
NCU09855	EC:2.5.1.43
NCU08930	EC:1.6.5.3
NCU08930	EC:1.6.99.3
NCU11353	EC:2.7.1.17
NCU08752	EC:3.1.1.7
NCU00937	EC:3.2.1.31
NCU08616	EC:2.7.7.6
NCU00780	EC:1.1.1.28
NCU00580	EC:3.1.2.20
NCU00580	EC:3.1.2.-
NCU00580	EC:3.1.2.2
NCU00580	EC:3.1.2.3
NCU17060	EC:3.5.4.26
NCU05604	EC:1.10.3.2
NCU04994	EC:3.4.11.1
NCU06700	EC:3.1.1.23
NCU02280	EC:1.6.5.3
NCU02280	EC:1.6.99.3
NCU02235	EC:3.2.1.113
NCU00865	EC:4.1.1.2
NCU07005	EC:3.2.1.101
NCU06592	EC:3.4.21.89
NCU05220	EC:3.6.3.14
NCU06452	EC:2.5.1.47
NCU08985	EC:3.1.3.48
NCU00418	EC:1.6.5.3
NCU02133	EC:1.15.1.1
NCU04048	EC:3.5.4.4
NCU05127	EC:6.3.2.4
NCU05642	EC:6.1.1.16
NCU04797	EC:3.1.3.11
NCU00296	EC:2.1.1.43
NCU05049	EC:3.1.3.16
NCU05049	EC:3.1.3.48
NCU01092	EC:1.5.1.33
NCU01140	EC:1.6.1.2
NCU01428	EC:3.5.2.17
NCU01803	EC:2.3.2.8
NCU05418	EC:2.5.1.46
NCU01500	EC:2.7.1.22
NCU09357	EC:2.7.7.7
NCU04743	EC:3.1.3.5
NCU05071	EC:3.4.24.39
NCU07127	EC:3.1.1.45
NCU04020	EC:6.1.1.6
NCU07067	EC:3.2.1.113
NCU04460	EC:2.7.7.12
NCU04674	EC:3.2.1.20
NCU01404	EC:2.1.1.34
NCU01404	EC:2.1.1.66
NCU00200	EC:4.1.3.27
NCU00200	EC:4.1.1.48
NCU00200	EC:5.3.1.24
NCU06249	EC:2.7.11.1
NCU06211	EC:1.1.1.37
NCU11368	EC:2.7.7.53
NCU06179	EC:2.7.11.1
NCU06228	EC:3.1.3.77
NCU02084	EC:3.5.3.1
NCU04339	EC:2.7.1.15
NCU09663	EC:3.1.1.74
NCU00276	EC:2.7.7.7
NCU08785	EC:3.2.1.55
NCU06230	EC:2.7.11.1
NCU07082	EC:6.1.1.12
NCU09784	EC:2.3.1.5
NCU09141	EC:1.1.1.91
NCU00813	EC:5.3.4.1
NCU00684	EC:3.1.21.1
NCU11248	EC:2.4.1.119
NCU02726	EC:2.7.1.82
NCU02511	EC:2.1.1.29
NCU07484	EC:3.2.1.14
NCU02585	EC:6.1.1.12
NCU00596	EC:2.3.1.181
NCU04657	EC:3.5.99.7
NCU01207	EC:3.6.3.14
NCU02322	EC:5.3.1.8
NCU06866	EC:6.1.1.22
NCU02232	EC:2.7.7.7
NCU05780	EC:2.5.1.18
NCU09050	EC:1.14.13.20
NCU09570	EC:2.5.1.18
NCU02201	EC:1.10.3.2
NCU09460	EC:1.6.5.3
NCU00762	EC:3.2.1.4
NCU02063	EC:3.4.24.59
NCU09638	EC:2.3.1.39
NCU08313	EC:3.5.4.26
NCU08313	EC:1.1.1.193
NCU08313	EC:1.1.1.302
NCU07340	EC:3.2.1.4
NCU06191	EC:6.3.2.3
NCU06025	EC:1.1.1.24
NCU09775	EC:3.2.1.55
NCU03436	EC:3.1.3.16
NCU03436	EC:3.1.4.12
NCU03571	EC:2.7.11.19
NCU03571	EC:2.7.11.1
NCU06722	EC:6.1.1.2
NCU03804	EC:3.1.3.16
NCU03804	EC:3.6.1.17
NCU03804	EC:3.1.4.12
NCU06182	EC:2.7.11.1
NCU00939	EC:2.7.13.3
NCU02728	EC:3.6.4.4
NCU02728	EC:3.6.4.9
NCU02728	EC:3.6.5.5
NCU02728	EC:3.6.1.15
NCU02728	EC:3.6.5.-
NCU07489	EC:3.1.3.16
NCU07489	EC:3.6.1.17
NCU07489	EC:3.1.4.12
NCU05967	EC:1.14.13.70
NCU10046	EC:6.3.2.19
NCU04130	EC:2.3.2.2
NCU06058	EC:4.1.1.45
NCU09560	EC:1.15.1.1
NCU09058	EC:4.2.1.18
NCU06075	EC:2.7.1.40
NCU02291	EC:4.1.1.70
NCU02291	EC:1.3.99.7
NCU09324	EC:2.4.1.16
NCU07716	EC:4.2.2.2
NCU08287	EC:2.1.3.2
NCU08287	EC:6.3.5.5
NCU07665	EC:6.3.2.19
NCU00414	EC:2.7.1.20
NCU09510	EC:3.5.1.89
NCU02035	EC:4.2.99.18
NCU07509	EC:2.5.1.60
NCU00665	EC:3.1.4.12
NCU02962	EC:2.1.1.43
NCU16409	EC:3.1.11.2
NCU05078	EC:2.1.1.77
NCU05708	EC:1.14.13.7
NCU08760	EC:3.2.1.4
NCU01904	EC:1.1.1.250
NCU01904	EC:1.1.1.269
NCU01904	EC:1.1.1.30
NCU00810	EC:3.2.1.23
NCU09116	EC:2.6.1.57
NCU09116	EC:2.6.1.5
NCU02693	EC:1.1.1.170
NCU02693	EC:1.3.1.24
NCU02693	EC:1.5.1.30
NCU04834	EC:2.7.13.3
NCU05128	EC:5.3.99.4
NCU04500	EC:3.2.1.14
NCU06523	EC:3.2.1.20
NCU04401	EC:4.1.2.13
NCU07608	EC:5.3.1.6
NCU16773	EC:1.14.13.15
NCU06730	EC:3.2.1.21
NCU08888	EC:6.1.1.20
NCU03748	EC:1.5.1.8
NCU03748	EC:1.5.1.10
NCU00387	EC:1.3.99.5
NCU00387	EC:1.3.99.-
NCU06202	EC:2.7.11.1
NCU11405	EC:3.2.1.59
NCU02679	EC:3.1.1.1
NCU03209	EC:3.2.1.14
NCU09194	EC:3.1.30.1
NCU01636	EC:5.99.1.4
NCU07534	EC:2.7.7.48
NCU02496	EC:3.1.3.48
NCU00936	EC:1.2.1.24
NCU00936	EC:1.2.1.-
NCU03023	EC:1.14.13.7
NCU07365	EC:3.4.25.1
NCU08301	EC:3.1.3.16
NCU08301	EC:3.1.4.12
NCU07309	EC:3.5.4.3
NCU04504	EC:3.1.21.5
NCU07958	EC:1.3.1.34
NCU09463	EC:6.1.1.4
NCU08703	EC:3.6.1.1
NCU06836	EC:6.2.1.1
NCU01789	EC:2.7.11.1
NCU06756	EC:6.3.2.19
NCU06741	EC:1.9.3.1
NCU04997	EC:3.2.1.8
NCU05622	EC:3.4.13.20
NCU05129	EC:4.1.3.27
NCU05129	EC:4.1.1.48
NCU05129	EC:5.3.1.24
NCU05542	EC:2.4.2.8
NCU05542	EC:2.4.2.22
NCU05120	EC:2.7.7.6
NCU03963	EC:2.4.2.28
NCU04810	EC:5.2.1.8
NCU04074	EC:1.6.5.3
NCU04074	EC:1.6.99.3
NCU03935	EC:1.1.1.3
NCU04759	EC:5.3.3.1
NCU03978	EC:3.1.1.1
NCU04883	EC:3.2.1.14
NCU06338	EC:5.99.1.3
NCU04303	EC:6.3.5.4
NCU03801	EC:3.1.3.1
NCU08947	EC:1.10.2.2
NCU09402	EC:3.4.16.4
NCU02430	EC:2.5.1.48
NCU11410	EC:2.7.11.1
NCU02216	EC:3.2.1.101
NCU02369	EC:3.2.1.15
NCU07442	EC:1.2.1.4
NCU16398	EC:1.3.3.4
NCU06558	EC:1.4.3.3
NCU05252	EC:1.14.99.29
NCU06417	EC:4.1.1.45
NCU09155	EC:3.4.23.35
NCU07859	EC:2.1.1.79
NCU05832	EC:2.1.1.51
NCU08183	EC:2.1.1.51
NCU03523	EC:2.7.11.1
NCU01166	EC:2.7.11.11
NCU01141	EC:2.7.8.5
NCU08398	EC:5.1.3.3
NCU03117	EC:1.1.1.205
NCU01919	EC:3.1.2.15
NCU05009	EC:1.6.99.5
NCU05009	EC:1.6.5.3
NCU05009	EC:1.6.99.3
NCU05009	EC:1.97.1.9
NCU04753	EC:1.6.5.3
NCU05042	EC:1.3.3.5
NCU04721	EC:3.5.1.23
NCU09545	EC:1.5.1.20
NCU01270	EC:2.7.6.1
NCU03792	EC:3.1.3.36
NCU10057	EC:1.14.11.1
NCU09274	EC:1.14.13.12
NCU01753	EC:2.3.2.2
NCU09594	EC:6.1.1.11
NCU06845	EC:1.1.1.14
NCU06845	EC:1.1.1.233
NCU06327	EC:1.14.13.15
NCU01113	EC:2.7.11.1
NCU09312	EC:2.5.1.31
NCU09312	EC:2.5.1.-
NCU02493	EC:3.4.25.1
NCU10847	EC:2.3.1.48
NCU03290	EC:3.4.13.5
NCU03290	EC:3.4.11.2
NCU06300	EC:2.7.4.8
NCU00369	EC:2.7.1.24
NCU00466	EC:6.1.1.17
NCU02956	EC:3.4.23.39
NCU02956	EC:3.4.23.41
NCU07487	EC:2.4.1.244
NCU07487	EC:3.2.1.21
NCU06005	EC:2.7.1.30
NCU05095	EC:6.1.1.20
NCU07195	EC:1.3.1.24
NCU07195	EC:1.5.1.30
NCU07768	EC:1.1.1.47
NCU09692	EC:1.11.1.10
NCU09692	EC:3.1.3.4
NCU08928	EC:3.6.4.4
NCU08928	EC:3.6.4.9
NCU08928	EC:3.6.5.5
NCU08928	EC:3.6.1.15
NCU08928	EC:3.6.5.-
NCU05260	EC:2.7.11.1
NCU04594	EC:4.1.1.44
NCU01412	EC:2.7.2.11
NCU01412	EC:1.2.1.41
NCU08128	EC:1.14.13.15
NCU06054	EC:2.5.1.21
NCU09904	EC:3.2.1.58
NCU09192	EC:2.7.8.11
NCU07476	EC:3.1.1.47
NCU03460	EC:2.5.1.31
NCU03460	EC:2.5.1.-
NCU07937	EC:2.7.1.91
NCU00043	EC:3.1.3.16
NCU00043	EC:3.6.1.17
NCU00043	EC:3.1.4.12
NCU06260	EC:2.7.7.50
NCU00629	EC:2.7.1.11
NCU08579	EC:3.1.2.15
NCU02004	EC:3.1.3.3
NCU10506	EC:3.1.1.3
NCU06559	EC:1.1.1.31
NCU07264	EC:6.3.2.19
NCU07018	EC:3.5.1.98
NCU07261	EC:2.4.1.142
NCU06582	EC:2.7.11.1
NCU05218	EC:2.3.1.48
NCU07725	EC:5.4.99.5
NCU07755	EC:6.1.1.1
NCU01213	EC:1.15.1.1
NCU04196	EC:2.1.1.36
NCU01142	EC:1.6.5.3
NCU01328	EC:2.2.1.1
NCU01335	EC:2.7.11.1
NCU08058	EC:1.1.1.35
NCU10351	EC:2.7.1.-
NCU10351	EC:2.7.1.35
NCU00660	EC:6.3.5.7
NCU09367	EC:2.7.1.67
NCU07458	EC:5.4.2.3
NCU09064	EC:2.7.11.1
NCU04289	EC:2.7.7.14
NCU01083	EC:4.1.1.50
NCU01429	EC:2.6.1.52
NCU08925	EC:1.5.3.16
NCU02228	EC:2.5.1.59
NCU08127	EC:3.2.1.101
NCU09817	EC:2.5.1.54
NCU03579	EC:5.1.1.1
NCU08412	EC:3.2.1.78
NCU09595	EC:2.7.11.1
NCU08551	EC:2.1.1.43
NCU11288	EC:3.4.13.9
NCU01902	EC:2.3.1.4
NCU00575	EC:2.7.1.1
NCU10497	EC:2.4.1.119
NCU09090	EC:6.3.2.5
NCU10029	EC:1.8.4.11
NCU04736	EC:3.6.3.-
NCU06724	EC:6.3.1.2
NCU07167	EC:1.17.1.3
NCU07761	EC:2.4.1.-
NCU06141	EC:2.5.1.-
NCU08062	EC:1.14.13.12
NCU01900	EC:3.2.1.37
NCU00678	EC:4.1.1.15
NCU01922	EC:2.1.1.20
NCU07354	EC:2.7.11.1
NCU02906	EC:1.1.1.38
NCU04775	EC:2.1.1.1
NCU04071	EC:5.5.1.5
NCU08303	EC:3.4.21.53
NCU01320	EC:2.5.1.18
NCU08221	EC:3.1.1.45
NCU05770	EC:1.11.1.6
NCU05770	EC:1.11.1.7
NCU05873	EC:3.2.1.1
NCU07153	EC:3.4.17.11
NCU07153	EC:3.4.11.2
NCU08549	EC:5.1.3.2
NCU11320	EC:3.5.3.11
NCU05655	EC:2.7.11.1
NCU09520	EC:2.7.13.3
NCU09202	EC:2.7.11.1
NCU07044	EC:3.1.2.6
NCU00187	EC:4.1.3.30
NCU07580	EC:2.7.11.22
NCU01936	EC:2.7.7.7
NCU05991	EC:1.1.1.270
NCU11220	EC:3.2.2.21
NCU03846	EC:3.5.4.-
NCU04078	EC:1.1.1.2
NCU04078	EC:1.1.1.-
NCU03949	EC:1.13.12.16
NCU04595	EC:2.7.11.1
NCU10155	EC:2.7.7.7
NCU01364	EC:1.14.11.4
NCU01364	EC:1.14.11.13
NCU08983	EC:2.7.7.19
NCU06144	EC:3.6.4.4
NCU02209	EC:1.14.19.6
NCU10043	EC:2.7.11.1
NCU02918	EC:2.3.1.39
NCU02918	EC:4.2.1.61
NCU03970	EC:2.7.1.26
NCU03996	EC:3.2.1.91
NCU03914	EC:3.2.1.58
NCU03914	EC:3.2.1.4
NCU06530	EC:3.1.2.22
NCU05217	EC:3.1.13.1
NCU05251	EC:2.7.7.6
NCU00230	EC:2.7.12.1
NCU00230	EC:2.7.11.1
NCU04393	EC:1.1.1.35
NCU10038	EC:3.1.4.44
NCU04593	EC:1.10.3.3
NCU01010	EC:3.1.3.48
NCU10166	EC:5.2.1.8
NCU01268	EC:6.3.2.19
NCU04326	EC:2.7.11.1
NCU04597	EC:2.7.11.24
NCU04642	EC:3.5.4.4
NCU00403	EC:1.1.1.271
NCU00403	EC:4.2.1.46
NCU00403	EC:1.1.1.103
NCU07819	EC:1.14.11.17
NCU09491	EC:3.1.1.72
NCU09491	EC:3.1.1.73
NCU01784	EC:5.4.99.12
NCU01765	EC:1.6.5.3
NCU01765	EC:1.6.99.3
NCU03503	EC:2.4.1.132
NCU10048	EC:2.1.2.11
NCU05653	EC:4.2.1.1
NCU05588	EC:5.99.1.2
NCU05001	EC:1.14.13.70
NCU05001	EC:1.14.13.17
NCU10110	EC:1.1.1.31
NCU05180	EC:3.6.4.4
NCU07300	EC:6.3.5.4
NCU07296	EC:2.7.11.1
NCU04856	EC:6.3.1.2
NCU04323	EC:3.5.2.3
NCU09023	EC:1.10.3.2
NCU04548	EC:2.7.7.7
NCU02249	EC:2.3.1.48
NCU12052	EC:3.5.4.26
NCU11426	EC:1.14.11.3
NCU01652	EC:2.5.1.49
NCU01833	EC:2.7.13.3
NCU04648	EC:6.3.5.1
NCU07779	EC:3.1.13.4
NCU08791	EC:1.11.1.6
NCU08791	EC:1.11.1.7
NCU09184	EC:1.13.11.52
NCU00035	EC:2.3.1.26
NCU09165	EC:1.5.99.12
NCU09002	EC:1.6.5.3
NCU03093	EC:1.6.5.3
NCU02629	EC:2.1.2.3
NCU02629	EC:3.5.4.10
NCU04791	EC:1.1.1.163
NCU05594	EC:1.1.1.116
NCU05594	EC:1.1.1.-
NCU12137	EC:2.4.1.141
NCU12075	EC:2.5.1.34
NCU04612	EC:2.7.12.2
NCU04612	EC:2.7.11.1
NCU03610	EC:6.3.2.19
NCU02380	EC:6.1.1.3
NCU02916	EC:3.2.1.4
NCU09892	EC:6.1.1.15
NCU16353	EC:2.4.1.198
NCU07898	EC:3.2.1.4
NCU05317	EC:3.2.1.14
NCU00436	EC:3.6.5.-
NCU00237	EC:3.1.4.17
NCU02408	EC:1.14.19.1
NCU02408	EC:1.14.19.3
NCU02408	EC:1.14.19.-
NCU02408	EC:1.14.19.6
NCU10051	EC:1.14.12.17
NCU09706	EC:6.5.1.1
NCU08471	EC:6.2.1.5
NCU01667	EC:2.1.3.3
NCU01611	EC:2.3.1.21
NCU06714	EC:2.6.1.85
NCU01061	EC:3.1.1.45
NCU04262	EC:3.2.1.101
NCU06905	EC:1.3.1.24
NCU06905	EC:1.5.1.30
NCU03282	EC:1.13.11.6
NCU02852	EC:1.14.14.1
NCU00502	EC:3.6.3.14
NCU03112	EC:1.6.2.2
NCU05291	EC:2.3.1.87
NCU06543	EC:1.3.99.12
NCU06543	EC:1.3.99.10
NCU03166	EC:6.3.2.6
NCU07362	EC:1.1.3.15
NCU05942	EC:3.4.25.1
NCU04019	EC:2.7.7.1
NCU04019	EC:2.7.7.18
NCU02284	EC:2.7.7.58
NCU03242	EC:2.7.11.1
NCU02751	EC:2.7.11.1
NCU09885	EC:1.3.99.3
NCU00548	EC:3.6.1.13
NCU04768	EC:1.5.5.1
NCU04768	EC:1.5.3.1
NCU05558	EC:2.3.1.16
NCU03607	EC:5.1.1.18
NCU04646	EC:2.7.7.7
NCU01402	EC:1.13.11.52
NCU01038	EC:3.5.2.6
NCU02255	EC:2.4.1.198
NCU02305	EC:2.5.1.-
NCU02305	EC:2.5.1.30
NCU02305	EC:2.5.1.83
NCU02295	EC:2.7.1.68
NCU02533	EC:2.7.7.6
NCU07402	EC:1.1.1.91
NCU01965	EC:6.1.1.9
NCU03030	EC:6.1.1.1
NCU08368	EC:3.1.26.5
NCU07318	EC:1.1.1.17
NCU04411	EC:2.4.2.18
NCU08298	EC:3.1.1.5
NCU04854	EC:3.2.1.4
NCU07944	EC:4.1.2.4
NCU07172	EC:2.7.11.22
NCU07172	EC:2.7.11.23
NCU09841	EC:3.1.3.2
NCU09841	EC:3.1.3.48
NCU02778	EC:3.2.1.113
NCU07496	EC:2.1.1.43
NCU03006	EC:2.1.1.41
NCU09266	EC:1.2.1.27
NCU09266	EC:1.2.1.68
NCU00969	EC:1.6.5.3
NCU00969	EC:1.6.99.3
NCU00526	EC:1.10.3.2
NCU03223	EC:2.7.8.1
NCU03223	EC:2.7.8.2
NCU02636	EC:6.3.2.19
NCU16336	EC:1.1.1.35
NCU08364	EC:3.1.6.6
NCU01973	EC:2.1.1.43
NCU09366	EC:3.4.25.1
NCU02969	EC:3.5.1.23
NCU00958	EC:3.1.3.16
NCU03129	EC:6.1.1.3
NCU17018	EC:1.11.1.15
NCU10865	EC:1.14.18.1
NCU02250	EC:3.6.3.14
NCU03415	EC:1.2.1.47
NCU03415	EC:1.2.1.3
NCU03415	EC:1.2.1.22
NCU03415	EC:1.2.1.4
NCU01514	EC:2.7.7.27
NCU05364	EC:3.1.3.48
NCU07774	EC:3.5.4.16
NCU00468	EC:1.3.1.13
NCU00468	EC:1.3.1.12
NCU00233	EC:3.2.1.-
NCU00944	EC:4.1.2.5
NCU04069	EC:3.1.3.57
NCU04069	EC:3.1.3.7
NCU05133	EC:5.1.3.2
NCU01419	EC:1.6.5.5
NCU03814	EC:6.1.1.4
NCU09279	EC:1.10.3.2
NCU00951	EC:3.6.1.1
NCU02514	EC:3.6.3.14
NCU02626	EC:3.6.4.4
NCU09118	EC:5.99.1.2
NCU06532	EC:1.3.5.2
NCU06532	EC:1.3.3.1
NCU05299	EC:1.6.5.3
NCU08687	EC:2.7.1.6
NCU06270	EC:3.4.24.64
NCU00261	EC:6.3.4.2
NCU06881	EC:2.8.3.5
NCU08439	EC:3.6.3.27
NCU05457	EC:1.9.3.1
NCU03641	EC:3.2.1.21
NCU01169	EC:1.6.5.3
NCU01169	EC:1.6.99.3
NCU05887	EC:1.1.1.47
NCU02375	EC:3.1.2.15
NCU02702	EC:2.7.1.2
NCU02702	EC:2.7.1.1
NCU00743	EC:3.2.1.33
NCU00743	EC:2.4.1.25
NCU03139	EC:1.1.1.23
NCU03139	EC:3.5.4.19
NCU03139	EC:3.6.1.31
NCU00655	EC:1.3.1.38
NCU00655	EC:1.3.1.-
NCU09664	EC:3.1.1.72
NCU05169	EC:1.11.1.6
NCU05169	EC:1.11.1.7
NCU00154	EC:3.1.8.1
NCU02701	EC:3.4.14.4
NCU03955	EC:3.1.4.4
NCU05624	EC:3.5.1.1
NCU07853	EC:1.7.3.3
NCU00320	EC:3.1.2.15
NCU02675	EC:6.5.1.4
NCU09111	EC:1.1.1.49
NCU05499	EC:1.13.11.5
NCU03936	EC:2.1.1.33
NCU03922	EC:2.3.3.10
NCU05057	EC:3.2.1.4
NCU05924	EC:3.2.1.8
NCU03797	EC:3.1.2.15
NCU03693	EC:1.1.1.69
NCU03693	EC:1.1.1.35
NCU03741	EC:2.7.1.23
NCU09291	EC:1.8.3.2
NCU03100	EC:1.1.1.44
NCU06342	EC:3.1.4.4
NCU04389	EC:2.1.1.43
NCU09741	EC:1.6.2.4
NCU08716	EC:1.14.13.79
NCU02018	EC:1.1.1.146
NCU02909	EC:3.2.1.132
NCU03187	EC:2.7.11.1
NCU02534	EC:1.6.5.3
NCU02534	EC:1.6.99.3
NCU00585	EC:2.5.1.32
NCU00585	EC:5.5.1.-
NCU00701	EC:3.2.1.17
NCU00554	EC:1.2.1.11
NCU07461	EC:2.7.7.7
NCU10852	EC:3.2.1.49
NCU10852	EC:3.2.1.52
NCU02734	EC:4.1.3.34
NCU07773	EC:2.7.4.9
NCU08894	EC:6.1.1.17
NCU00355	EC:1.11.1.6
NCU00355	EC:1.11.1.7
NCU06457	EC:6.1.1.22
NCU00385	EC:3.6.3.14
NCU00177	EC:6.3.3.1
NCU00177	EC:6.3.4.13
NCU10651	EC:3.5.1.41
NCU00281	EC:2.4.1.173
NCU08197	EC:1.14.13.12
NCU06232	EC:1.1.1.85
NCU09018	EC:2.3.2.5
NCU10683	EC:1.1.1.133
NCU06031	EC:1.11.1.15
NCU09575	EC:3.1.1.13
NCU00726	EC:5.2.1.8
NCU00891	EC:1.1.1.9
NCU00891	EC:1.1.1.14
NCU07865	EC:2.7.4.8
NCU00829	EC:1.16.1.7
NCU01654	EC:6.2.1.3
NCU01654	EC:6.2.1.15
NCU03803	EC:1.1.1.35
NCU03808	EC:3.6.4.4
NCU03808	EC:3.6.4.9
NCU03808	EC:3.6.5.5
NCU03808	EC:3.6.1.15
NCU03808	EC:3.6.5.-
NCU01337	EC:6.3.2.12
NCU01337	EC:6.3.2.17
NCU03715	EC:3.6.4.4
NCU06448	EC:4.2.1.55
NCU06448	EC:4.2.1.17
NCU06448	EC:4.2.1.116
NCU06448	EC:4.2.1.119
NCU02785	EC:2.5.1.54
NCU09800	EC:1.14.11.17
NCU04747	EC:2.7.11.1
NCU12069	EC:2.7.4.3
NCU09778	EC:2.7.11.22
NCU09778	EC:2.7.11.23
NCU01417	EC:6.2.1.17
NCU04096	EC:2.7.11.1
NCU01348	EC:3.5.3.11
NCU17017	EC:3.4.21.89
NCU04923	EC:1.1.1.72
NCU08045	EC:2.1.1.17
NCU06626	EC:2.7.11.1
NCU06478	EC:2.1.1.51
NCU09320	EC:2.4.2.17
NCU10042	EC:4.2.1.11
NCU02727	EC:2.1.2.10
NCU04778	EC:4.2.1.1
NCU07053	EC:1.2.1.3
NCU07053	EC:1.2.1.22
NCU17014	EC:6.3.2.19
NCU08944	EC:2.3.1.88
NCU03836	EC:3.4.24.57
NCU04216	EC:2.4.2.14
NCU10015	EC:1.14.13.111
NCU02202	EC:2.7.11.1
NCU02257	EC:3.1.3.48
NCU09301	EC:2.4.1.173
NCU03255	EC:3.1.3.2
NCU09911	EC:3.5.1.10
NCU07719	EC:5.3.3.2
NCU00194	EC:2.6.1.13
NCU00914	EC:2.7.11.1
NCU03086	EC:4.1.2.20
NCU00742	EC:1.1.1.8
NCU00742	EC:1.1.1.94
NCU06419	EC:2.7.12.2
NCU06419	EC:2.7.11.1
NCU04781	EC:1.6.5.3
NCU05616	EC:2.1.1.137
NCU04727	EC:3.5.99.6
NCU07111	EC:3.1.2.6
NCU03995	EC:2.4.1.119
NCU08938	EC:3.2.2.21
NCU02083	EC:2.7.1.150
NCU08435	EC:2.7.7.48
NCU01632	EC:2.5.1.19
NCU01632	EC:4.2.1.10
NCU01632	EC:4.2.3.4
NCU01632	EC:1.1.1.25
NCU01632	EC:2.7.1.71
NCU05305	EC:2.7.7.6
NCU02184	EC:3.2.1.14
NCU09896	EC:2.7.1.25
NCU06804	EC:1.14.13.7
NCU09770	EC:3.1.2.1
NCU06471	EC:1.5.1.2
NCU00269	EC:2.1.1.43
NCU00378	EC:1.2.1.47
NCU00378	EC:1.2.1.3
NCU00378	EC:1.2.1.22
NCU05752	EC:1.13.11.52
NCU05752	EC:1.13.11.11
NCU02296	EC:3.5.2.5
NCU05808	EC:2.7.11.1
NCU00711	EC:3.6.3.44
NCU03298	EC:3.1.21.1
NCU03298	EC:3.1.3.36
NCU02090	EC:2.4.2.7
NCU00644	EC:3.6.3.14
NCU03269	EC:5.2.1.8
NCU07399	EC:2.7.11.1
NCU09230	EC:4.4.1.1
NCU03325	EC:3.1.1.3
NCU09071	EC:2.7.11.1
NCU02954	EC:1.1.1.87
NCU03080	EC:3.4.21.105
NCU03395	EC:3.6.3.14
NCU01824	EC:5.4.99.9
NCU11331	EC:2.7.11.1
NCU09757	EC:2.4.1.198
NCU09757	EC:2.4.1.21
NCU03560	EC:2.7.7.6
NCU01728	EC:2.7.1.105
NCU00405	EC:6.1.1.14
NCU16606	EC:4.1.2.37
NCU03188	EC:1.1.3.37
NCU02605	EC:2.7.7.6
NCU07413	EC:3.5.4.1
NCU09347	EC:3.1.3.46
NCU09347	EC:2.7.1.105
NCU01785	EC:2.7.7.6
NCU05454	EC:1.1.5.3
NCU01180	EC:3.1.2.15
NCU07742	EC:2.7.1.23
NCU06441	EC:1.1.2.4
NCU00480	EC:3.1.2.15
NCU02407	EC:1.2.1.25
NCU02407	EC:1.8.1.4
NCU02407	EC:1.2.1.-
NCU02855	EC:3.2.1.8
NCU08057	EC:1.1.1.163
NCU08057	EC:1.1.1.206
NCU00870	EC:2.1.1.43
NCU10477	EC:6.3.2.19
NCU05041	EC:3.1.3.12
NCU03894	EC:2.7.11.1
NCU04615	EC:2.7.13.3
NCU06024	EC:4.2.1.118
NCU06024	EC:5.3.1.5
NCU06024	EC:5.1.3.22
NCU11381	EC:4.1.1.33
NCU06020	EC:3.2.1.14
NCU02287	EC:1.3.99.3
NCU02366	EC:4.2.1.3
NCU02274	EC:2.1.2.1
NCU02885	EC:2.7.11.1
NCU02639	EC:6.3.4.5
NCU09923	EC:3.2.1.21
NCU04494	EC:3.1.1.72
NCU05264	EC:3.1.3.41
NCU08998	EC:2.6.1.19
NCU08998	EC:2.6.1.-
NCU00299	EC:5.3.3.8
NCU09519	EC:1.1.1.2
NCU09519	EC:1.1.1.-
NCU09309	EC:3.4.25.1
NCU00843	EC:2.1.2.2
NCU08112	EC:1.14.13.12
NCU02580	EC:1.4.3.16
NCU03979	EC:2.8.1.6
NCU05977	EC:4.2.1.52
NCU01066	EC:1.4.3.2
NCU03761	EC:4.3.1.17
NCU01233	EC:1.1.1.2
NCU01233	EC:1.1.1.-
NCU08151	EC:3.1.3.32
NCU08151	EC:2.7.1.78
NCU04554	EC:3.2.1.14
NCU03425	EC:4.2.3.1
NCU01754	EC:1.1.1.190
NCU01754	EC:1.1.1.1
NCU01638	EC:2.7.7.6
NCU06348	EC:3.1.3.25
NCU05254	EC:2.7.6.1
NCU02704	EC:1.2.1.25
NCU02704	EC:2.3.1.168
NCU02704	EC:2.3.1.12
NCU08352	EC:1.8.1.9
NCU04370	EC:6.3.2.19
NCU00087	EC:3.1.1.31
NCU00150	EC:5.3.1.16
NCU04280	EC:4.2.1.99
NCU03782	EC:2.7.7.6
NCU02603	EC:1.14.11.11
NCU02603	EC:1.14.11.4
NCU00972	EC:3.2.1.89
NCU03200	EC:2.7.11.1
NCU03234	EC:6.3.2.19
NCU01744	EC:1.4.1.14
NCU05221	EC:1.6.5.3
NCU04355	EC:2.7.1.67
NCU06326	EC:2.7.11.2
NCU06326	EC:4.2.2.2
NCU07015	EC:2.4.2.29
NCU07823	EC:4.2.1.94
NCU11185	EC:3.1.3.48
NCU00056	EC:2.3.1.179
NCU00056	EC:2.3.1.41
NCU00232	EC:3.1.26.11
NCU00232	EC:3.5.2.6
NCU00570	EC:2.7.7.6
NCU03141	EC:3.1.1.5
NCU02136	EC:2.2.1.2
NCU01932	EC:2.1.1.43
NCU00799	EC:2.1.1.10
NCU02057	EC:2.7.13.3
NCU02057	EC:2.7.11.1
NCU07456	EC:2.5.1.9
NCU02137	EC:2.4.1.198
NCU07482	EC:3.2.2.27
NCU02795	EC:3.5.1.98
NCU00963	EC:3.5.4.9
NCU01528	EC:1.2.1.59
NCU01528	EC:1.2.1.12
NCU03339	EC:1.8.1.7
NCU16553	EC:2.6.1.1
NCU08473	EC:3.2.1.59
NCU03463	EC:3.6.3.14
NCU03332	EC:1.1.1.35
NCU10045	EC:3.1.1.11
NCU03971	EC:2.1.1.56
NCU05093	EC:2.5.1.48
NCU05011	EC:2.3.1.39
NCU09864	EC:1.2.1.25
NCU09864	EC:1.2.4.4
NCU04077	EC:1.8.1.2
NCU05185	EC:1.6.2.4
NCU09643	EC:2.7.7.41
NCU07589	EC:2.3.1.178
NCU08020	EC:5.99.1.3
NCU07307	EC:1.3.1.9
NCU07307	EC:3.1.2.14
NCU07307	EC:3.1.2.21
NCU07307	EC:4.2.1.58
NCU07307	EC:4.2.1.59
NCU07307	EC:4.2.1.61
NCU07307	EC:2.3.1.38
NCU07307	EC:2.3.1.86
NCU07307	EC:2.3.1.39
NCU07307	EC:1.1.1.100
NCU07307	EC:1.3.1.39
NCU07307	EC:2.3.1.-
NCU07307	EC:1.1.1.-
NCU07307	EC:1.3.1.-
NCU07307	EC:2.3.1.41
NCU06733	EC:3.6.4.4
NCU04251	EC:2.4.1.212
NCU04251	EC:2.4.1.16
NCU01427	EC:2.5.1.29
NCU01427	EC:2.5.1.1
NCU04118	EC:2.7.2.4
NCU04099	EC:5.1.99.4
NCU09175	EC:3.2.1.58
NCU06440	EC:3.4.25.1
NCU00519	EC:5.1.3.1
NCU05059	EC:1.14.13.7
NCU05102	EC:3.1.26.4
NCU04333	EC:3.1.2.15
NCU02299	EC:1.3.1.27
NCU06119	EC:2.1.1.43
NCU05805	EC:2.1.2.1
NCU09122	EC:6.3.2.19
NCU07452	EC:1.6.99.1
NCU04782	EC:2.3.1.48
NCU02396	EC:1.8.3.2
NCU08176	EC:4.2.2.2
NCU09449	EC:3.1.3.33
NCU09419	EC:1.14.13.71
NCU09419	EC:1.14.15.1
NCU02283	EC:2.7.11.1
NCU03199	EC:3.6.3.14
NCU05261	EC:3.4.21.53
NCU07941	EC:2.6.1.1
NCU06189	EC:2.3.1.37
NCU02179	EC:1.1.1.28
NCU04005	EC:2.7.11.1
NCU03913	EC:1.2.1.25
NCU05151	EC:4.1.2.22
NCU05151	EC:4.1.2.9
NCU03877	EC:6.3.4.3
NCU03877	EC:3.5.4.9
NCU03877	EC:1.5.1.5
NCU07225	EC:3.2.1.8
NCU04246	EC:4.1.3.38
NCU01187	EC:2.7.11.1
NCU04292	EC:2.6.1.42
NCU05816	EC:1.9.3.1
NCU05836	EC:3.2.1.113
NCU09028	EC:3.2.1.113
NCU05420	EC:4.2.3.5
NCU01501	EC:3.1.1.29
NCU07722	EC:2.7.11.1
NCU07321	EC:3.1.3.48
NCU04983	EC:1.14.21.6
NCU09183	EC:3.7.1.3
NCU00775	EC:1.1.1.41
NCU00825	EC:6.6.1.1
NCU02541	EC:2.4.1.119
NCU07029	EC:3.1.27.1
NCU00086	EC:3.2.1.101
NCU07550	EC:5.3.1.1
NCU11286	EC:1.11.1.1
NCU11286	EC:1.11.1.7
NCU03539	EC:1.17.4.1
NCU16554	EC:3.2.1.78
NCU04335	EC:2.7.11.1
NCU06638	EC:2.7.12.1
NCU06638	EC:2.7.11.1
NCU03504	EC:1.11.1.10
NCU03504	EC:3.1.3.-
NCU05419	EC:4.1.3.4
NCU03893	EC:1.1.1.125
NCU03853	EC:5.2.1.8
NCU07076	EC:3.2.1.6
NCU05972	EC:1.14.13.70
NCU05972	EC:1.14.13.17
NCU09659	EC:3.1.4.12
NCU04371	EC:5.2.1.8
NCU11129	EC:3.4.17.4
NCU06583	EC:2.7.11.1
NCU09731	EC:6.3.2.19
NCU06518	EC:1.6.2.2
NCU05239	EC:2.4.1.212
NCU05239	EC:2.4.1.16
NCU08022	EC:2.7.7.25
NCU08022	EC:2.7.7.21
NCU04855	EC:2.7.7.6
NCU03633	EC:2.7.1.36
NCU04221	EC:3.2.1.28
NCU04578	EC:3.4.21.92
NCU11173	EC:2.5.1.3
NCU11173	EC:2.7.1.50
NCU00438	EC:3.5.4.4
NCU03328	EC:3.2.1.4
NCU03358	EC:1.3.1.24
NCU03358	EC:1.5.1.30
NCU03358	EC:1.1.1.283
NCU10907	EC:3.4.23.24
NCU05680	EC:2.4.1.131
NCU03246	EC:3.1.3.16
NCU03246	EC:3.1.3.48
NCU09332	EC:2.4.1.109
NCU08626	EC:4.1.99.3
NCU08359	EC:3.5.4.5
NCU05526	EC:2.3.3.14
NCU05999	EC:2.5.1.58
NCU01004	EC:4.1.1.65
NCU04569	EC:3.5.2.9
NCU09532	EC:4.2.1.52
NCU01305	EC:3.4.21.105
NCU02234	EC:2.7.11.25
NCU02234	EC:2.7.11.1
NCU17205	EC:4.1.2.37
NCU17205	EC:6.6.1.1
NCU10030	EC:3.2.1.40
NCU00710	EC:3.1.1.72
NCU04936	EC:1.1.1.22
NCU00352	EC:3.6.3.1
NCU08553	EC:2.7.7.6
NCU08131	EC:3.2.1.1
NCU08158	EC:3.1.3.16
NCU08158	EC:3.1.3.48
NCU05807	EC:3.5.1.19
NCU06041	EC:3.1.6.14
NCU06041	EC:3.1.6.1
NCU06041	EC:3.1.6.2
NCU03194	EC:4.1.1.21
NCU04952	EC:3.2.1.21
NCU07024	EC:2.7.11.24
NCU07024	EC:2.7.11.1
NCU08333	EC:3.4.22.40
NCU05154	EC:3.6.3.8
NCU02376	EC:3.5.2.6
NCU09621	EC:3.5.4.3
NCU09477	EC:1.6.5.3
NCU01823	EC:2.7.13.3
NCU01823	EC:2.7.11.1
NCU06924	EC:1.14.13.9
NCU02349	EC:3.5.2.6
NCU06123	EC:4.1.2.9
NCU03118	EC:1.5.1.7
NCU07931	EC:1.1.1.79
NCU08272	EC:1.1.2.3
NCU04347	EC:1.97.1.4
NCU04466	EC:4.2.1.69
NCU16597	EC:2.4.1.198
NCU01762	EC:3.1.26.3
NCU03546	EC:2.7.4.21
NCU01227	EC:6.2.1.4
NCU01227	EC:6.2.1.5
NCU04265	EC:3.2.1.26
NCU07101	EC:3.6.1.13
NCU04845	EC:1.14.11.18
NCU06970	EC:2.7.6.1
NCU08660	EC:3.1.26.5
NCU07920	EC:1.10.3.2
NCU08685	EC:6.3.5.3
NCU07969	EC:2.7.11.20
NCU08280	EC:1.14.99.7
NCU07308	EC:2.3.1.179
NCU07308	EC:2.3.1.41
NCU07308	EC:1.1.1.100
NCU07308	EC:4.2.1.58
NCU07308	EC:4.2.1.59
NCU07308	EC:4.2.1.61
NCU07308	EC:2.3.1.86
NCU07308	EC:2.7.8.7
NCU07308	EC:1.3.1.39
NCU07308	EC:2.3.1.-
NCU07308	EC:1.1.1.-
NCU07308	EC:1.3.1.-
NCU07308	EC:3.1.2.14
NCU07308	EC:1.3.1.9
NCU07982	EC:2.2.1.6
NCU01120	EC:5.99.1.3
NCU03749	EC:3.1.2.6
NCU07531	EC:3.6.3.4
NCU07531	EC:3.6.3.-
NCU07821	EC:1.14.13.8
NCU05658	EC:2.7.11.1
NCU02922	EC:1.1.1.30
NCU02922	EC:1.1.1.14
NCU02056	EC:1.2.1.65
NCU16362	EC:4.3.1.18
NCU04092	EC:3.5.1.60
NCU04037	EC:2.4.1.131
NCU07062	EC:2.7.11.1
NCU04728	EC:2.7.1.4
NCU04728	EC:2.7.1.1
NCU01553	EC:2.5.1.39
NCU06003	EC:2.7.7.13
NCU04354	EC:3.1.21.5
NCU09646	EC:2.3.1.16
NCU11364	EC:1.3.1.-
NCU10400	EC:3.1.4.4
NCU04400	EC:2.7.1.29
NCU06460	EC:3.1.3.2
NCU00274	EC:2.7.11.1
NCU02814	EC:2.7.11.1
NCU00970	EC:2.1.1.43
NCU06010	EC:3.2.1.59
NCU03891	EC:1.8.4.12
NCU03880	EC:2.7.7.15
NCU02231	EC:2.1.1.31
NCU02614	EC:5.2.1.8
NCU03250	EC:2.7.11.1
NCU16746	EC:3.1.26.5
NCU04350	EC:2.4.1.16
NCU07953	EC:1.-.-.-
NCU07574	EC:5.3.3.1
NCU00122	EC:3.4.11.21
NCU06166	EC:2.4.1.131
NCU02325	EC:6.3.5.2
NCU02302	EC:4.1.1.65
NCU06319	EC:3.2.1.101
NCU00669	EC:2.4.1.119
NCU04654	EC:2.4.2.29
NCU08924	EC:1.3.99.3
NCU09703	EC:4.1.1.5
NCU09718	EC:3.5.1.26
NCU08719	EC:6.3.5.7
NCU08719	EC:6.3.5.-
NCU01378	EC:6.2.1.16
NCU08948	EC:3.1.3.16
NCU04237	EC:4.1.1.36
NCU09391	EC:4.3.1.24
NCU09115	EC:4.2.1.92
NCU09115	EC:1.14.14.1
NCU02103	EC:2.7.7.6
NCU09746	EC:2.7.7.-
NCU09746	EC:3.6.1.-
NCU04510	EC:1.1.1.2
NCU04510	EC:1.1.1.21
NCU04510	EC:1.1.1.-
NCU08269	EC:1.4.3.5
NCU05301	EC:2.1.1.29
NCU08982	EC:4.6.1.13
NCU06717	EC:3.6.3.16
NCU06727	EC:2.5.1.16
NCU03659	EC:2.7.11.1
NCU04591	EC:1.14.13.50
NCU07528	EC:5.4.99.12
NCU08568	EC:3.6.1.13
NCU11012	EC:2.7.7.6
NCU00050	EC:2.3.1.12
NCU07559	EC:3.1.13.4
NCU07690	EC:1.5.1.20
NCU06606	EC:1.10.2.2
NCU07930	EC:3.3.1.1
NCU04431	EC:3.2.1.6
NCU09747	EC:3.6.3.14
NCU16821	EC:2.7.11.2
NCU01435	EC:2.7.11.22
NCU01435	EC:2.7.11.1
NCU01435	EC:2.7.11.23
NCU04095	EC:3.5.1.52
NCU01147	EC:4.1.1.25
NCU06666	EC:5.5.1.4
NCU06679	EC:2.3.1.48
NCU11282	EC:2.3.1.42
NCU11282	EC:2.3.1.15
NCU07697	EC:1.1.1.41
NCU07022	EC:1.1.1.14
NCU01116	EC:2.4.1.80
NCU04228	EC:1.14.11.18
NCU01230	EC:3.1.8.1
NCU01230	EC:3.1.1.2
NCU04277	EC:2.7.1.39
NCU08856	EC:1.13.99.1
NCU07756	EC:1.3.5.1
NCU04676	EC:2.5.1.18
NCU01433	EC:3.1.3.16
NCU01433	EC:3.1.4.12
NCU10185	EC:2.5.1.8
NCU10185	EC:2.5.1.75
NCU00055	EC:1.13.11.1
NCU04528	EC:1.10.3.2
NCU02055	EC:3.2.2.3
NCU02797	EC:2.7.7.9
NCU00796	EC:3.5.2.2
NCU05608	EC:2.7.11.1
NCU08931	EC:1.11.1.15
NCU11382	EC:1.10.3.1
NCU11382	EC:1.14.18.1
NCU11382	EC:1.14.18.-
NCU11382	EC:1.10.3.-
NCU09026	EC:3.1.1.73
NCU01929	EC:3.1.13.4
NCU09308	EC:3.4.24.57
NCU00838	EC:5.3.1.5
NCU00602	EC:2.1.1.130
NCU00602	EC:2.1.1.107
NCU07409	EC:2.1.1.33
NCU02661	EC:2.7.7.6
NCU06974	EC:3.1.3.15
NCU04449	EC:6.1.1.15
NCU06336	EC:2.1.1.32
NCU01666	EC:2.2.1.6
NCU12078	EC:3.2.1.59
NCU06695	EC:1.9.3.1
NCU07194	EC:1.14.13.7
NCU07188	EC:3.5.4.25
NCU02571	EC:2.3.1.9
NCU03164	EC:2.7.13.3
NCU02110	EC:1.6.3.1
NCU07624	EC:2.4.2.31
NCU06402	EC:1.14.13.72
NCU00670	EC:1.6.5.3
NCU03304	EC:3.4.25.1
NCU00892	EC:6.3.2.17
NCU09873	EC:4.1.1.31
NCU09873	EC:4.1.1.49
NCU05501	EC:2.1.1.51
NCU07130	EC:3.2.1.8
NCU05577	EC:3.2.1.21
NCU00712	EC:1.1.1.34
NCU01889	EC:3.1.3.48
NCU06526	EC:1.14.15.1
NCU02475	EC:1.4.4.2
NCU02036	EC:3.1.27.9
NCU05016	EC:3.4.21.19
NCU05518	EC:1.4.3.22
NCU07143	EC:3.1.1.31
NCU03868	EC:1.16.1.7
NCU02919	EC:1.13.11.24
NCU07107	EC:2.1.1.33
NCU04691	EC:3.2.1.59
NCU05014	EC:2.7.6.2
NCU05108	EC:3.1.26.4
NCU04754	EC:2.6.1.42
NCU06673	EC:3.5.4.12
NCU16337	EC:2.1.1.37
NCU08377	EC:4.6.1.1
NCU08409	EC:4.2.1.20
NCU08409	EC:4.2.1.-
NCU04410	EC:6.5.1.3
NCU05164	EC:1.3.1.58
NCU03305	EC:3.6.3.8
NCU02688	EC:6.3.2.19
NCU03295	EC:6.2.1.12
NCU11235	EC:2.7.11.1
NCU05537	EC:3.7.1.2
NCU04089	EC:1.14.13.78
NCU04089	EC:1.14.13.15
NCU04796	EC:2.3.1.16
NCU07767	EC:2.1.1.72
NCU00052	EC:5.1.99.4
NCU03525	EC:1.1.1.30
NCU03381	EC:2.7.7.41
NCU01757	EC:3.5.1.1
NCU07266	EC:2.1.1.98
NCU08345	EC:6.3.2.19
NCU02478	EC:2.4.1.183
NCU00943	EC:3.2.1.28
NCU03114	EC:3.1.3.16
NCU05983	EC:4.1.99.12
NCU00160	EC:1.6.5.3
NCU12050	EC:2.7.4.3
NCU01510	EC:3.1.3.66
NCU01276	EC:2.3.1.178
NCU01276	EC:2.3.1.88
NCU01013	EC:4.2.1.24
NCU08852	EC:2.4.2.30
NCU04643	EC:3.5.1.52
NCU03718	EC:1.11.1.10
NCU03718	EC:3.6.1.43
NCU03176	EC:2.7.1.32
NCU08375	EC:2.8.1.-
NCU02178	EC:2.7.7.48
NCU09930	EC:4.1.2.25
NCU09930	EC:2.7.6.3
NCU09930	EC:2.5.1.15
NCU09652	EC:3.2.1.37
NCU08005	EC:1.18.1.2
NCU04481	EC:3.6.3.14
NCU04385	EC:4.2.1.33
NCU02252	EC:5.4.2.1
NCU02381	EC:2.7.8.8
NCU08145	EC:2.8.3.5
NCU05802	EC:3.6.4.4
NCU05802	EC:3.6.4.9
NCU05802	EC:3.6.5.5
NCU05802	EC:3.6.1.15
NCU05802	EC:3.6.5.-
NCU05430	EC:3.6.3.14
NCU07760	EC:3.1.1.72
NCU07760	EC:3.2.1.4
NCU03124	EC:2.7.11.1
NCU00552	EC:1.14.99.30
NCU00552	EC:1.14.99.-
NCU09128	EC:6.3.2.19
NCU10106	EC:5.3.1.1
NCU05238	EC:1.8.1.2
NCU03498	EC:1.10.3.2
NCU04144	EC:2.3.1.26
NCU01271	EC:4.1.1.17
NCU07737	EC:1.14.13.1
NCU09553	EC:1.1.1.35
NCU00656	EC:2.7.1.137
NCU00656	EC:2.7.1.153
NCU02755	EC:1.11.1.10
NCU02550	EC:3.2.1.22
NCU02053	EC:2.7.7.7
NCU08346	EC:2.7.11.1
NCU08328	EC:2.1.1.62
NCU08328	EC:2.1.1.72
NCU07914	EC:2.7.2.3
NCU00642	EC:3.2.1.23
NCU03158	EC:4.1.2.37
NCU02113	EC:6.3.2.19
NCU08739	EC:3.4.23.22
NCU10220	EC:2.7.4.3
NCU03608	EC:1.1.1.86
NCU01000	EC:3.4.14.11
NCU01070	EC:3.1.1.29
NCU02091	EC:3.2.1.113
NCU02663	EC:5.4.3.2
NCU00685	EC:2.7.11.1
NCU05290	EC:2.4.2.10
NCU04508	EC:2.7.7.6
NCU00713	EC:3.5.1.19
NCU02031	EC:1.14.13.71
NCU03127	EC:3.5.1.5
NCU09233	EC:2.7.7.2
NCU10344	EC:1.14.13.12
NCU10344	EC:1.14.13.15
NCU05098	EC:4.1.1.65
NCU06698	EC:2.4.1.186
NCU11197	EC:2.7.7.6
NCU02549	EC:3.4.24.64
NCU02930	EC:1.1.1.91
NCU10008	EC:4.2.1.2
NCU08384	EC:1.1.1.2
NCU08384	EC:1.1.1.307
NCU08384	EC:1.1.1.-
NCU08384	EC:1.1.1.21
NCU09264	EC:4.2.1.109
NCU09223	EC:5.3.4.1
NCU04044	EC:1.6.5.3
NCU04044	EC:1.6.99.3
NCU05006	EC:1.14.14.1
NCU05592	EC:6.3.2.19
NCU01200	EC:5.2.1.8
NCU03695	EC:4.1.1.65
NCU05425	EC:1.2.4.2
NCU09774	EC:3.2.1.55
NCU00649	EC:2.4.2.11
NCU03216	EC:2.7.4.3
NCU09371	EC:2.5.1.78
NCU02010	EC:2.3.3.13
NCU07966	EC:3.6.3.8
NCU07966	EC:3.6.3.-
NCU04944	EC:2.7.6.2
NCU16771	EC:3.1.26.5
NCU04513	EC:6.3.2.19
NCU07916	EC:1.14.13.7
NCU03297	EC:1.11.1.5
NCU09212	EC:2.7.11.1
NCU05931	EC:3.5.2.6
NCU04697	EC:4.2.1.66
NCU06685	EC:2.7.11.22
NCU06685	EC:2.7.11.1
NCU04140	EC:5.2.1.8
NCU10468	EC:2.3.1.35
NCU01365	EC:6.5.1.1
NCU01515	EC:2.7.7.6
NCU06757	EC:2.7.7.7
NCU01612	EC:3.6.4.4
NCU01612	EC:3.6.4.9
NCU01612	EC:3.6.5.5
NCU01612	EC:3.6.1.15
NCU01612	EC:3.6.5.-
NCU06785	EC:2.3.3.8
NCU03149	EC:3.5.4.-
NCU01680	EC:3.6.3.6
NCU01562	EC:1.14.11.-
NCU01830	EC:1.13.11.27
NCU08828	EC:1.1.1.289
NCU08828	EC:4.2.1.55
NCU08828	EC:1.1.1.35
NCU08828	EC:4.2.1.17
NCU08828	EC:5.1.2.3
NCU08002	EC:2.3.1.7
NCU07027	EC:2.4.1.1
NCU16895	EC:1.1.1.269
NCU07132	EC:2.1.1.144
NCU10011	EC:1.3.3.9
NCU10011	EC:1.14.14.1
NCU01368	EC:3.4.25.1
NCU08898	EC:4.2.1.36
NCU08898	EC:4.2.1.114
NCU10521	EC:2.5.1.18
NCU09705	EC:5.1.3.3
NCU03495	EC:3.1.3.16
NCU01839	EC:3.1.1.1
NCU07682	EC:2.3.1.1
NCU06687	EC:2.4.1.11
NCU02536	EC:1.14.13.-
NCU00837	EC:1.1.1.44
NCU02998	EC:2.4.2.19
NCU07626	EC:2.7.1.12
NCU12119	EC:1.10.3.2
NCU12119	EC:1.7.2.1
NCU02333	EC:3.5.3.1
NCU03134	EC:3.2.1.113
NCU09119	EC:3.6.3.14
NCU03350	EC:1.17.1.4
NCU01767	EC:3.1.3.16
NCU05410	EC:2.6.1.11
NCU01123	EC:1.5.99.12
NCU01106	EC:1.4.3.2
NCU08516	EC:5.1.3.3
NCU09350	EC:3.4.23.12
NCU06803	EC:4.1.1.15
NCU08515	EC:3.6.3.14
NCU01439	EC:1.1.1.95
NCU01961	EC:4.2.99.18
NCU03098	EC:3.2.1.3
NCU02482	EC:2.3.3.5
NCU02482	EC:2.3.3.1
NCU04474	EC:1.8.3.1
NCU10853	EC:2.7.11.1
NCU00732	EC:1.3.3.9
NCU00732	EC:1.14.15.1
NCU07473	EC:2.4.1.173
NCU16596	EC:1.1.1.269
NCU16596	EC:1.1.1.270
NCU16596	EC:1.1.1.105
NCU03850	EC:3.5.3.19
NCU05046	EC:3.6.3.8
NCU05046	EC:3.6.3.-
NCU09608	EC:3.1.26.4
NCU01457	EC:3.1.2.15
NCU01045	EC:3.1.27.3
NCU03788	EC:2.5.1.47
NCU03040	EC:4.2.99.18
NCU00904	EC:2.5.1.26
NCU00904	EC:1.1.2.4
NCU02123	EC:3.6.5.-
NCU06549	EC:4.3.3.6
NCU11196	EC:1.1.1.178
NCU00591	EC:6.4.1.4
